timestamp,teid,latency
2025-03-19 20:59:06,0x00000001,78.69104300000001
2025-03-19 20:59:07,0x00000001,78.88942499999985
2025-03-19 20:59:08,0x00000001,78.82574500000005
2025-03-19 20:59:09,0x00000001,78.72054700000008
2025-03-19 20:59:11,0x00000001,675.2309009999999
2025-03-19 20:59:12,0x00000001,659.3219140000004
2025-03-19 20:59:13,0x00000001,630.6534839999997
2025-03-19 20:59:14,0x00000001,592.1306450000001
2025-03-19 20:59:15,0x00000001,542.9408049999988
2025-03-19 20:59:16,0x00000001,487.07397100000094
2025-03-19 20:59:17,0x00000001,426.692276999999
2025-03-19 20:59:18,0x00000001,364.0676040000006
2025-03-19 20:59:18,0x00000001,302.22190299999954
2025-03-19 20:59:19,0x00000001,243.64390200000054
2025-03-19 20:59:20,0x00000001,191.2208470000003
2025-03-19 20:59:21,0x00000001,147.04640700000127
2025-03-19 20:59:22,0x00000001,112.7088289999989
2025-03-19 20:59:23,0x00000001,90.3579100000016
2025-03-19 20:59:24,0x00000001,80.86617400000051
2025-03-19 20:59:25,0x00000001,83.430946
2025-03-19 20:59:27,0x00000001,83.3322299999999
2025-03-19 20:59:28,0x00000001,99.67083000000088
2025-03-19 20:59:29,0x00000001,127.68278100000074
2025-03-19 20:59:30,0x00000001,167.25565900000205
2025-03-19 20:59:31,0x00000001,216.09363700000017
2025-03-19 20:59:32,0x00000001,271.57567200000085
2025-03-19 20:59:33,0x00000001,332.0924510000012
2025-03-19 20:59:34,0x00000001,394.3427919999998
2025-03-19 20:59:35,0x00000001,456.33718300000226
2025-03-19 20:59:36,0x00000001,514.9984100000005
2025-03-19 20:59:37,0x00000001,567.2774650000001
2025-03-19 20:59:38,0x00000001,611.6765470000018
2025-03-19 20:59:39,0x00000001,646.1242809999987
2025-03-19 20:59:40,0x00000001,669.0221169999973
2025-03-19 20:59:41,0x00000001,678.5353439999966
2025-03-19 20:59:42,0x00000001,675.5002709999972
2025-03-19 20:59:43,0x00000001,659.0200029999949
2025-03-19 20:59:44,0x00000001,630.6877529999965
2025-03-19 20:59:45,0x00000001,591.3728989999995
2025-03-19 20:59:46,0x00000001,542.9582439999976
2025-03-19 20:59:46,0x00000001,487.1823490000011
2025-03-19 20:59:48,0x00000001,426.67681200000374
2025-03-19 20:59:49,0x00000001,364.1148960000038
2025-03-19 20:59:50,0x00000001,302.25022800000545
2025-03-19 20:59:51,0x00000001,243.9366020000051
2025-03-19 20:59:52,0x00000001,191.14124899999752
2025-03-19 20:59:52,0x00000001,146.90654600000386
2025-03-19 20:59:53,0x00000001,112.89861699999904
2025-03-19 20:59:54,0x00000001,90.51457500000026
2025-03-19 20:59:55,0x00000001,80.14783600000186
2025-03-19 20:59:56,0x00000001,83.25022599999699
2025-03-19 20:59:57,0x00000001,99.91279599999814
2025-03-19 20:59:58,0x00000001,127.76304299999452
2025-03-19 20:59:59,0x00000001,167.244488999998
2025-03-19 21:00:00,0x00000001,215.67249900000007
2025-03-19 21:00:01,0x00000001,271.61452800000063
2025-03-19 21:00:02,0x00000001,332.29786900000136
2025-03-19 21:00:03,0x00000001,394.43251299999815
2025-03-19 21:00:04,0x00000001,456.58526100000074
2025-03-19 21:00:06,0x00000001,514.929034000005
2025-03-19 21:00:07,0x00000001,567.6128980000001
2025-03-19 21:00:08,0x00000001,612.0524970000006
2025-03-19 21:00:09,0x00000001,646.1077239999966
2025-03-19 21:00:10,0x00000001,668.6604340000031
2025-03-19 21:00:11,0x00000001,678.4011380000123
2025-03-19 21:00:12,0x00000001,675.0504010000071
2025-03-19 21:00:13,0x00000001,659.1723730000041
2025-03-19 21:00:14,0x00000001,630.7670770000016
2025-03-19 21:00:15,0x00000001,591.4045419999923
2025-03-19 21:00:16,0x00000001,543.3416879999982
2025-03-19 21:00:17,0x00000001,486.99588300000585
2025-03-19 21:00:18,0x00000001,426.7139539999931
2025-03-19 21:00:19,0x00000001,364.065674999992
2025-03-19 21:00:19,0x00000001,302.5229219999943
2025-03-19 21:00:20,0x00000001,243.95324599998958
2025-03-19 21:00:21,0x00000001,191.4709189999968
2025-03-19 21:00:22,0x00000001,146.74521300000265
2025-03-19 21:00:23,0x00000001,112.7083609999886
2025-03-19 21:00:24,0x00000001,90.509284999996
2025-03-19 21:00:25,0x00000001,80.12950299999488
2025-03-19 21:00:27,0x00000001,83.31329600000004
2025-03-19 21:00:28,0x00000001,99.46495599999139
2025-03-19 21:00:29,0x00000001,127.72544299998856
2025-03-19 21:00:30,0x00000001,167.26812500000676
2025-03-19 21:00:31,0x00000001,215.70534399999985
2025-03-19 21:00:32,0x00000001,271.58378199999333
2025-03-19 21:00:33,0x00000001,332.24733500000525
2025-03-19 21:00:34,0x00000001,394.81332999999097
2025-03-19 21:00:35,0x00000001,514.8955340000043
2025-03-19 21:00:36,0x00000001,567.3369950000051
2025-03-19 21:00:37,0x00000001,611.8680149999989
2025-03-19 21:00:38,0x00000001,646.1644150000012
2025-03-19 21:00:39,0x00000001,668.6396780000052
2025-03-19 21:00:40,0x00000001,678.3001329999934
2025-03-19 21:00:41,0x00000001,675.1332110000021
2025-03-19 21:00:42,0x00000001,659.1914830000007
2025-03-19 21:00:43,0x00000001,630.7900839999974
2025-03-19 21:00:44,0x00000001,591.4114589999997
2025-03-19 21:00:45,0x00000001,543.0192970000007
2025-03-19 21:00:46,0x00000001,486.9505599999968
2025-03-19 21:00:47,0x00000001,426.5869280000061
2025-03-19 21:00:48,0x00000001,364.11973899998884
2025-03-19 21:00:49,0x00000001,302.435138000007
2025-03-19 21:00:50,0x00000001,243.55442799999594
2025-03-19 21:00:51,0x00000001,191.07856400000856
2025-03-19 21:00:52,0x00000001,146.91818000000012
2025-03-19 21:00:52,0x00000001,112.56697499999291
2025-03-19 21:00:53,0x00000001,90.2832310000008
2025-03-19 21:00:54,0x00000001,81.07966599999372
2025-03-19 21:00:55,0x00000001,83.54397000000802
2025-03-19 21:00:56,0x00000001,99.41551399998616
2025-03-19 21:00:57,0x00000001,127.92478699999776
2025-03-19 21:00:58,0x00000001,167.20922499999347
2025-03-19 21:00:59,0x00000001,215.69129799999587
2025-03-19 21:01:00,0x00000001,271.61867799999584
2025-03-19 21:01:01,0x00000001,332.15679799999975
2025-03-19 21:01:02,0x00000001,394.6877869999952
2025-03-19 21:01:04,0x00000001,456.21923199999515
2025-03-19 21:01:05,0x00000001,514.7217119999965
2025-03-19 21:01:06,0x00000001,514.8471170000022
2025-03-19 21:01:07,0x00000001,567.5174470000002
2025-03-19 21:01:08,0x00000001,611.7408100000006
2025-03-19 21:01:09,0x00000001,645.9117760000055
2025-03-19 21:01:10,0x00000001,668.3429869999884
2025-03-19 21:01:11,0x00000001,678.2335719999963
2025-03-19 21:01:12,0x00000001,675.1627710000037
2025-03-19 21:01:13,0x00000001,658.9006639999866
2025-03-19 21:01:14,0x00000001,630.6500449999959
2025-03-19 21:01:15,0x00000001,591.4197190000152
2025-03-19 21:01:16,0x00000001,543.5230430000217
2025-03-19 21:01:17,0x00000001,487.17312099998367
2025-03-19 21:01:17,0x00000001,426.8861219999849
2025-03-19 21:01:19,0x00000001,363.9758120000067
2025-03-19 21:01:20,0x00000001,302.20993900002213
2025-03-19 21:01:21,0x00000001,244.81775000000994
2025-03-19 21:01:22,0x00000001,191.16991800001415
2025-03-19 21:01:23,0x00000001,146.7682580000087
2025-03-19 21:01:24,0x00000001,112.39859099998739
2025-03-19 21:01:24,0x00000001,90.02390699998841
2025-03-19 21:01:25,0x00000001,80.43464700000413
2025-03-19 21:01:26,0x00000001,83.41409599998428
2025-03-19 21:01:27,0x00000001,99.22786199999223
2025-03-19 21:01:28,0x00000001,127.94177000000673
2025-03-19 21:01:29,0x00000001,167.3328779999963
2025-03-19 21:01:30,0x00000001,215.90745499997865
2025-03-19 21:01:31,0x00000001,271.65799300001936
2025-03-19 21:01:33,0x00000001,332.1493260000068
2025-03-19 21:01:34,0x00000001,394.3634609999833
2025-03-19 21:01:35,0x00000001,456.3050149999981
2025-03-19 21:01:36,0x00000001,514.8730589999957
2025-03-19 21:01:37,0x00000001,567.4073550000003
2025-03-19 21:01:38,0x00000001,611.8939909999881
2025-03-19 21:01:39,0x00000001,646.095162999984
2025-03-19 21:01:40,0x00000001,668.520964999999
2025-03-19 21:01:41,0x00000001,678.9868179999985
2025-03-19 21:01:42,0x00000001,675.354585000008
2025-03-19 21:01:43,0x00000001,659.0952130000005
2025-03-19 21:01:44,0x00000001,630.8448730000009
2025-03-19 21:01:45,0x00000001,591.567179000009
2025-03-19 21:01:46,0x00000001,542.894208000007
2025-03-19 21:01:47,0x00000001,487.2297599999911
2025-03-19 21:01:48,0x00000001,426.6171909999912
2025-03-19 21:01:49,0x00000001,364.1210170000022
2025-03-19 21:01:50,0x00000001,302.3139860000015
2025-03-19 21:01:50,0x00000001,243.87765800000238
2025-03-19 21:01:51,0x00000001,191.31879699997967
2025-03-19 21:01:52,0x00000001,146.7061230000013
2025-03-19 21:01:53,0x00000001,112.66021299999807
2025-03-19 21:01:54,0x00000001,90.27511799999388
2025-03-19 21:01:56,0x00000001,80.14368199999922
2025-03-19 21:01:57,0x00000001,83.40805599999612
2025-03-19 21:01:58,0x00000001,99.58890999999426
2025-03-19 21:01:59,0x00000001,127.99899799998116
2025-03-19 21:02:00,0x00000001,167.1810740000126
2025-03-19 21:02:01,0x00000001,215.96383299998934
2025-03-19 21:02:02,0x00000001,271.5508739999848
2025-03-19 21:02:03,0x00000001,332.1288600000116
2025-03-19 21:02:04,0x00000001,394.4641020000006
2025-03-19 21:02:05,0x00000001,514.7191419999899
2025-03-19 21:02:06,0x00000001,567.5844390000009
2025-03-19 21:02:07,0x00000001,611.7959919999976
2025-03-19 21:02:08,0x00000001,645.968369000002
2025-03-19 21:02:09,0x00000001,668.4408580000252
2025-03-19 21:02:10,0x00000001,678.5103670000012
2025-03-19 21:02:11,0x00000001,675.3443099999856
2025-03-19 21:02:12,0x00000001,659.1749960000186
2025-03-19 21:02:13,0x00000001,631.4251969999987
2025-03-19 21:02:14,0x00000001,591.4001480000195
2025-03-19 21:02:15,0x00000001,542.82038300002
2025-03-19 21:02:16,0x00000001,487.3233179999943
2025-03-19 21:02:17,0x00000001,426.8375860000049
2025-03-19 21:02:18,0x00000001,364.08955900000706
2025-03-19 21:02:19,0x00000001,302.2952819999887
2025-03-19 21:02:20,0x00000001,243.8391880000097
2025-03-19 21:02:21,0x00000001,191.21329999998693
2025-03-19 21:02:22,0x00000001,146.92384299999617
2025-03-19 21:02:22,0x00000001,112.86762200001021
2025-03-19 21:02:23,0x00000001,90.64884899999015
2025-03-19 21:02:24,0x00000001,80.3085210000063
2025-03-19 21:02:25,0x00000001,83.60889200000088
2025-03-19 21:02:26,0x00000001,99.62681099997894
2025-03-19 21:02:27,0x00000001,127.92399799999998
2025-03-19 21:02:28,0x00000001,167.4564719999978
2025-03-19 21:02:29,0x00000001,215.96757000000366
2025-03-19 21:02:31,0x00000001,271.4682510000159
2025-03-19 21:02:32,0x00000001,331.79348200002323
2025-03-19 21:02:33,0x00000001,394.3835110000009
2025-03-19 21:02:34,0x00000001,456.32668900000795
2025-03-19 21:02:35,0x00000001,514.9730520000162
2025-03-19 21:02:36,0x00000001,567.5216040000066
2025-03-19 21:02:37,0x00000001,611.6343710000081
2025-03-19 21:02:38,0x00000001,645.8214980000037
2025-03-19 21:02:39,0x00000001,668.6995860000025
2025-03-19 21:02:40,0x00000001,678.6381820000145
2025-03-19 21:02:41,0x00000001,675.2813450000019
2025-03-19 21:02:42,0x00000001,659.0036069999883
2025-03-19 21:02:43,0x00000001,662.1252330000118
2025-03-19 21:02:44,0x00000001,630.7963209999912
2025-03-19 21:02:45,0x00000001,591.6044349999936
2025-03-19 21:02:46,0x00000001,542.9280150000011
2025-03-19 21:02:47,0x00000001,487.04903600000193
2025-03-19 21:02:48,0x00000001,426.73642900001596
2025-03-19 21:02:49,0x00000001,364.36336500000266
2025-03-19 21:02:50,0x00000001,302.42255300001375
2025-03-19 21:02:51,0x00000001,243.90089399997805
2025-03-19 21:02:52,0x00000001,191.28078700001083
2025-03-19 21:02:53,0x00000001,147.13466800000674
2025-03-19 21:02:54,0x00000001,112.80258100001106
2025-03-19 21:02:55,0x00000001,90.22454300000504
2025-03-19 21:02:56,0x00000001,80.24529200000075
2025-03-19 21:02:56,0x00000001,83.465082999993
2025-03-19 21:02:57,0x00000001,99.61649299998498
2025-03-19 21:02:58,0x00000001,128.08652300000745
2025-03-19 21:02:59,0x00000001,167.33988499998986
2025-03-19 21:03:01,0x00000001,216.08902799999896
2025-03-19 21:03:02,0x00000001,271.7150459999971
2025-03-19 21:03:03,0x00000001,332.065354000008
2025-03-19 21:03:04,0x00000001,394.7476879999954
2025-03-19 21:03:05,0x00000001,456.42018899999925
2025-03-19 21:03:06,0x00000001,514.800379999997
2025-03-19 21:03:07,0x00000001,567.7532619999965
2025-03-19 21:03:08,0x00000001,611.7879509999966
2025-03-19 21:03:09,0x00000001,646.1918050000008
2025-03-19 21:03:10,0x00000001,668.7013149999927
2025-03-19 21:03:11,0x00000001,679.0294900000049
2025-03-19 21:03:12,0x00000001,675.1602299999888
2025-03-19 21:03:13,0x00000001,659.3397620000019
2025-03-19 21:03:14,0x00000001,630.8667060000062
2025-03-19 21:03:15,0x00000001,591.2853389999952
2025-03-19 21:03:16,0x00000001,543.0248309999968
2025-03-19 21:03:17,0x00000001,487.13655299999914
2025-03-19 21:03:18,0x00000001,426.65957600002
2025-03-19 21:03:19,0x00000001,364.1577000000211
2025-03-19 21:03:20,0x00000001,302.17154300001425
2025-03-19 21:03:21,0x00000001,244.06491400000618
2025-03-19 21:03:21,0x00000001,191.41437900000824
2025-03-19 21:03:22,0x00000001,147.02473299996655
2025-03-19 21:03:24,0x00000001,112.59731600000578
2025-03-19 21:03:25,0x00000001,90.14603700001089
2025-03-19 21:03:26,0x00000001,80.37467500003004
2025-03-19 21:03:27,0x00000001,83.61664700004212
2025-03-19 21:03:28,0x00000001,99.87938699998722
2025-03-19 21:03:29,0x00000001,127.88047800000868
2025-03-19 21:03:30,0x00000001,167.29757499996367
2025-03-19 21:03:31,0x00000001,216.05672000004006
2025-03-19 21:03:32,0x00000001,271.48493400000007
2025-03-19 21:03:33,0x00000001,332.0026480000138
2025-03-19 21:03:34,0x00000001,456.26924599997665
2025-03-19 21:03:35,0x00000001,514.9036970000225
2025-03-19 21:03:36,0x00000001,567.5191549999568
2025-03-19 21:03:37,0x00000001,611.887763000027
2025-03-19 21:03:38,0x00000001,645.9947989999932
2025-03-19 21:03:39,0x00000001,668.6266570000043
2025-03-19 21:03:40,0x00000001,678.4067739999955
2025-03-19 21:03:41,0x00000001,675.3324879999809
2025-03-19 21:03:42,0x00000001,659.2204199999969
2025-03-19 21:03:43,0x00000001,631.0604920000173
2025-03-19 21:03:44,0x00000001,591.5466220000098
2025-03-19 21:03:45,0x00000001,542.9516749999834
2025-03-19 21:03:46,0x00000001,487.37457200002154
2025-03-19 21:03:47,0x00000001,426.79691799997954
2025-03-19 21:03:48,0x00000001,364.15833400002384
2025-03-19 21:03:49,0x00000001,302.4476619999632
2025-03-19 21:03:50,0x00000001,243.88348299999052
2025-03-19 21:03:51,0x00000001,191.34687300004316
2025-03-19 21:03:52,0x00000001,146.7670409999755
2025-03-19 21:03:53,0x00000001,112.9425240000046
2025-03-19 21:03:53,0x00000001,90.3342299999963
2025-03-19 21:03:54,0x00000001,80.57445000002872
2025-03-19 21:03:55,0x00000001,83.36023599997588
2025-03-19 21:03:56,0x00000001,99.77114399998754
2025-03-19 21:03:57,0x00000001,128.03376599998728
2025-03-19 21:03:58,0x00000001,167.67626699999028
2025-03-19 21:03:59,0x00000001,216.23705899997958
2025-03-19 21:04:01,0x00000001,271.50327000003927
2025-03-19 21:04:02,0x00000001,332.0299520000276
2025-03-19 21:04:03,0x00000001,394.59277100002055
2025-03-19 21:04:04,0x00000001,456.53036900000643
2025-03-19 21:04:05,0x00000001,514.7142640000197
2025-03-19 21:04:06,0x00000001,567.338809999967
2025-03-19 21:04:07,0x00000001,611.5743370000359
2025-03-19 21:04:08,0x00000001,645.9667089999925
2025-03-19 21:04:09,0x00000001,668.5197499999731
2025-03-19 21:04:10,0x00000001,678.2004290000145
2025-03-19 21:04:11,0x00000001,675.2782570000022
2025-03-19 21:04:12,0x00000001,659.0201680000405
2025-03-19 21:04:13,0x00000001,630.5926460000251
2025-03-19 21:04:14,0x00000001,591.4356150000231
2025-03-19 21:04:15,0x00000001,542.8948210000044
2025-03-19 21:04:16,0x00000001,487.0821559999854
2025-03-19 21:04:17,0x00000001,426.87766800003146
2025-03-19 21:04:18,0x00000001,364.18255999996063
2025-03-19 21:04:19,0x00000001,363.9514970000164
2025-03-19 21:04:20,0x00000001,302.384705999998
2025-03-19 21:04:21,0x00000001,243.67419199995766
2025-03-19 21:04:22,0x00000001,191.5332620000072
2025-03-19 21:04:23,0x00000001,146.73767599998655
2025-03-19 21:04:24,0x00000001,112.78038199998264
2025-03-19 21:04:25,0x00000001,90.07611700002371
2025-03-19 21:04:26,0x00000001,80.40164700003061
2025-03-19 21:04:27,0x00000001,83.46703799998068
2025-03-19 21:04:28,0x00000001,100.12188199999628
2025-03-19 21:04:29,0x00000001,127.74915299996792
2025-03-19 21:04:30,0x00000001,167.17422499999657
2025-03-19 21:04:31,0x00000001,215.9853969999972
2025-03-19 21:04:32,0x00000001,271.66059699999323
2025-03-19 21:04:33,0x00000001,331.970522000006
2025-03-19 21:04:34,0x00000001,394.57318600000235
2025-03-19 21:04:35,0x00000001,456.61375599996745
2025-03-19 21:04:36,0x00000001,515.0060539999686
2025-03-19 21:04:37,0x00000001,567.8019000000063
2025-03-19 21:04:38,0x00000001,611.6722030000119
2025-03-19 21:04:39,0x00000001,645.9576139999967
2025-03-19 21:04:40,0x00000001,668.7643399999956
2025-03-19 21:04:41,0x00000001,678.5198430000037
2025-03-19 21:04:42,0x00000001,675.2531330000124
2025-03-19 21:04:43,0x00000001,661.1355179999805
2025-03-19 21:04:44,0x00000001,630.9077399999978
2025-03-19 21:04:45,0x00000001,591.8799620000073
2025-03-19 21:04:46,0x00000001,543.0711139999858
2025-03-19 21:04:47,0x00000001,487.24838999999065
2025-03-19 21:04:48,0x00000001,426.8157850000307
2025-03-19 21:04:49,0x00000001,364.42209099999445
2025-03-19 21:04:50,0x00000001,302.49322000003076
2025-03-19 21:04:51,0x00000001,243.74558600004548
2025-03-19 21:04:51,0x00000001,191.33650599997054
2025-03-19 21:04:52,0x00000001,146.96533299996872
2025-03-19 21:04:53,0x00000001,112.61661300000014
2025-03-19 21:04:55,0x00000001,90.30612899999824
2025-03-19 21:04:56,0x00000001,80.11740400002054
2025-03-19 21:04:57,0x00000001,83.82780400000911
2025-03-19 21:04:58,0x00000001,99.63005999998131
2025-03-19 21:04:59,0x00000001,128.07065599997713
2025-03-19 21:05:00,0x00000001,167.33825400001479
2025-03-19 21:05:01,0x00000001,215.93523500001766
2025-03-19 21:05:02,0x00000001,271.837368999968
2025-03-19 21:05:03,0x00000001,394.84940599999163
2025-03-19 21:05:04,0x00000001,456.34146700001565
2025-03-19 21:05:05,0x00000001,515.0954729999739
2025-03-19 21:05:06,0x00000001,567.2727300000133
2025-03-19 21:05:07,0x00000001,611.964042000011
2025-03-19 21:05:08,0x00000001,645.9817109999904
2025-03-19 21:05:09,0x00000001,668.5146140000029
2025-03-19 21:05:10,0x00000001,678.5353040000359
2025-03-19 21:05:11,0x00000001,675.1610120000464
2025-03-19 21:05:12,0x00000001,659.2051889999766
2025-03-19 21:05:13,0x00000001,630.8624999999779
2025-03-19 21:05:14,0x00000001,591.308161000029
2025-03-19 21:05:15,0x00000001,542.8692779999551
2025-03-19 21:05:16,0x00000001,487.32886199996983
2025-03-19 21:05:17,0x00000001,426.5517110000019
2025-03-19 21:05:18,0x00000001,364.22324899996283
2025-03-19 21:05:19,0x00000001,302.44241499997315
2025-03-19 21:05:20,0x00000001,244.05825399998093
2025-03-19 21:05:21,0x00000001,191.12096300000303
2025-03-19 21:05:22,0x00000001,146.9331139999781
2025-03-19 21:05:23,0x00000001,112.79875599996103
2025-03-19 21:05:24,0x00000001,93.4520399999883
2025-03-19 21:05:24,0x00000001,80.52725300001384
2025-03-19 21:05:25,0x00000001,83.46505399998705
2025-03-19 21:05:26,0x00000001,99.60632600001418
2025-03-19 21:05:27,0x00000001,127.9736750000211
2025-03-19 21:05:29,0x00000001,167.39377800001876
2025-03-19 21:05:30,0x00000001,215.89056199997003
2025-03-19 21:05:31,0x00000001,272.57046500000115
2025-03-19 21:05:32,0x00000001,332.20410000001266
2025-03-19 21:05:33,0x00000001,394.6434190000332
2025-03-19 21:05:34,0x00000001,456.36668399998825
2025-03-19 21:05:35,0x00000001,515.4308240000205
2025-03-19 21:05:36,0x00000001,567.2294710000187
2025-03-19 21:05:37,0x00000001,611.7568660000074
2025-03-19 21:05:38,0x00000001,646.2603459999627
2025-03-19 21:05:39,0x00000001,668.4468410000477
2025-03-19 21:05:40,0x00000001,678.2542390000117
2025-03-19 21:05:41,0x00000001,675.1240280000275
2025-03-19 21:05:42,0x00000001,659.1638350000153
2025-03-19 21:05:43,0x00000001,630.6568340000354
2025-03-19 21:05:44,0x00000001,591.4876399999685
2025-03-19 21:05:45,0x00000001,542.7337159999865
2025-03-19 21:05:46,0x00000001,487.1793429999798
2025-03-19 21:05:47,0x00000001,426.6312830000061
2025-03-19 21:05:48,0x00000001,364.6771630000103
2025-03-19 21:05:49,0x00000001,302.1228789999668
2025-03-19 21:05:50,0x00000001,243.72451799996497
2025-03-19 21:05:51,0x00000001,191.29383799997868
2025-03-19 21:05:52,0x00000001,146.80781999999226
2025-03-19 21:05:53,0x00000001,112.83406199999035
2025-03-19 21:05:54,0x00000001,90.06963699999915
2025-03-19 21:05:55,0x00000001,89.95960800001512
2025-03-19 21:05:56,0x00000001,79.98473499998227
2025-03-19 21:05:57,0x00000001,83.74532099998078
2025-03-19 21:05:58,0x00000001,99.66555900001595
2025-03-19 21:05:59,0x00000001,127.64234400003716
2025-03-19 21:06:00,0x00000001,167.06100700002935
2025-03-19 21:06:01,0x00000001,215.6556719999685
2025-03-19 21:06:02,0x00000001,271.6813989999878
2025-03-19 21:06:03,0x00000001,332.331159999967
2025-03-19 21:06:04,0x00000001,395.7168759999945
2025-03-19 21:06:05,0x00000001,456.3606560000153
2025-03-19 21:06:06,0x00000001,514.9953989999858
2025-03-19 21:06:07,0x00000001,567.4684420000062
2025-03-19 21:06:08,0x00000001,611.9775440000126
2025-03-19 21:06:09,0x00000001,647.8279390000239
2025-03-19 21:06:10,0x00000001,668.4043039999779
2025-03-19 21:06:11,0x00000001,678.5653250000223
2025-03-19 21:06:12,0x00000001,675.2763829999822
2025-03-19 21:06:13,0x00000001,658.9359790000344
2025-03-19 21:06:14,0x00000001,630.8050050000134
2025-03-19 21:06:15,0x00000001,591.3736279999853
2025-03-19 21:06:16,0x00000001,542.8695830000265
2025-03-19 21:06:17,0x00000001,488.27593300001126
2025-03-19 21:06:18,0x00000001,426.7053329999726
2025-03-19 21:06:19,0x00000001,363.995386000056
2025-03-19 21:06:20,0x00000001,302.31984800002465
2025-03-19 21:06:21,0x00000001,243.82732300000498
2025-03-19 21:06:22,0x00000001,191.19405000003553
2025-03-19 21:06:23,0x00000001,146.90401899997596
2025-03-19 21:06:24,0x00000001,112.56550900003504
2025-03-19 21:06:25,0x00000001,90.31165999999757
2025-03-19 21:06:26,0x00000001,80.27686499997344
2025-03-19 21:06:27,0x00000001,83.46970299999157
2025-03-19 21:06:28,0x00000001,99.57206300003918
2025-03-19 21:06:29,0x00000001,127.95641299999261
2025-03-19 21:06:30,0x00000001,167.28400400000965
2025-03-19 21:06:31,0x00000001,215.78562600001305
2025-03-19 21:06:32,0x00000001,331.91584399997964
2025-03-19 21:06:33,0x00000001,394.6328620000372
2025-03-19 21:06:34,0x00000001,456.3573859999792
2025-03-19 21:06:35,0x00000001,518.2527970000024
2025-03-19 21:06:36,0x00000001,567.3825100000158
2025-03-19 21:06:37,0x00000001,611.7382110000449
2025-03-19 21:06:38,0x00000001,645.8735960000013
2025-03-19 21:06:39,0x00000001,668.4617559999992
2025-03-19 21:06:40,0x00000001,678.2604039999569
2025-03-19 21:06:41,0x00000001,675.3867310000032
2025-03-19 21:06:42,0x00000001,659.4446009999615
2025-03-19 21:06:43,0x00000001,630.6242429999998
2025-03-19 21:06:44,0x00000001,591.4859050000132
2025-03-19 21:06:45,0x00000001,542.9410849999954
2025-03-19 21:06:46,0x00000001,487.1748900000057
2025-03-19 21:06:47,0x00000001,426.46097000005057
2025-03-19 21:06:48,0x00000001,364.0644270000166
2025-03-19 21:06:49,0x00000001,302.1846510000046
2025-03-19 21:06:50,0x00000001,243.6171240000249
2025-03-19 21:06:51,0x00000001,191.17243199997347
2025-03-19 21:06:52,0x00000001,147.03150599996206
2025-03-19 21:06:53,0x00000001,112.83693199999334
2025-03-19 21:06:54,0x00000001,90.01793999999563
2025-03-19 21:06:55,0x00000001,80.34289500000114
2025-03-19 21:06:56,0x00000001,83.27884900000981
2025-03-19 21:06:57,0x00000001,99.50440199997956
2025-03-19 21:06:58,0x00000001,128.0136299999981
2025-03-19 21:06:59,0x00000001,167.33990500000573
2025-03-19 21:07:00,0x00000001,215.6379159999915
2025-03-19 21:07:01,0x00000001,271.5377859999535
2025-03-19 21:07:02,0x00000001,331.89151499999525
2025-03-19 21:07:03,0x00000001,394.6734969999852
2025-03-19 21:07:04,0x00000001,456.6249229999926
2025-03-19 21:07:05,0x00000001,515.0463909999985
2025-03-19 21:07:06,0x00000001,567.4337589999823
2025-03-19 21:07:07,0x00000001,611.8487630000118
2025-03-19 21:07:08,0x00000001,646.1074830000371
2025-03-19 21:07:09,0x00000001,668.3579409999538
2025-03-19 21:07:10,0x00000001,678.3824830000071
2025-03-19 21:07:11,0x00000001,675.0891930000193
2025-03-19 21:07:12,0x00000001,659.0243320000013
2025-03-19 21:07:13,0x00000001,631.0494760000438
2025-03-19 21:07:14,0x00000001,592.2954639999602
2025-03-19 21:07:15,0x00000001,542.9569630000515
2025-03-19 21:07:16,0x00000001,487.1292370000333
2025-03-19 21:07:17,0x00000001,426.8478519999803
2025-03-19 21:07:18,0x00000001,364.1496980000056
2025-03-19 21:07:19,0x00000001,302.3587330000055
2025-03-19 21:07:20,0x00000001,243.7312489999499
2025-03-19 21:07:21,0x00000001,190.98290300001963
2025-03-19 21:07:21,0x00000001,146.73650499997848
2025-03-19 21:07:23,0x00000001,112.68374400003722
2025-03-19 21:07:24,0x00000001,90.00943099999859
2025-03-19 21:07:25,0x00000001,80.1280890000271
2025-03-19 21:07:26,0x00000001,83.14993400000503
2025-03-19 21:07:27,0x00000001,99.43293699996048
2025-03-19 21:07:28,0x00000001,127.73930700001301
2025-03-19 21:07:29,0x00000001,167.14032400000178
2025-03-19 21:07:30,0x00000001,167.0890780000036
2025-03-19 21:07:31,0x00000001,215.72028000002774
2025-03-19 21:07:32,0x00000001,271.541276999983
2025-03-19 21:07:33,0x00000001,332.25358400000005
2025-03-19 21:07:34,0x00000001,394.49159999998074
2025-03-19 21:07:35,0x00000001,456.2880899999868
2025-03-19 21:07:36,0x00000001,514.6926519999511
2025-03-19 21:07:37,0x00000001,567.3884950000456
2025-03-19 21:07:38,0x00000001,612.0240169999533
2025-03-19 21:07:40,0x00000001,645.8146099998885
2025-03-19 21:07:40,0x00000001,668.6535630000208
2025-03-19 21:07:41,0x00000001,678.2929639999793
2025-03-19 21:07:42,0x00000001,674.9938809999776
2025-03-19 21:07:43,0x00000001,659.3401909999557
2025-03-19 21:07:44,0x00000001,630.8796209999628
2025-03-19 21:07:45,0x00000001,591.402531999961
2025-03-19 21:07:46,0x00000001,542.9131679999273
2025-03-19 21:07:47,0x00000001,487.1752959999185
2025-03-19 21:07:48,0x00000001,426.8990540000459
2025-03-19 21:07:49,0x00000001,365.7698069999924
2025-03-19 21:07:50,0x00000001,302.20475099997657
2025-03-19 21:07:51,0x00000001,243.59017500000846
2025-03-19 21:07:52,0x00000001,191.12216999997145
2025-03-19 21:07:53,0x00000001,146.91276800010655
2025-03-19 21:07:54,0x00000001,112.65811500004475
2025-03-19 21:07:55,0x00000001,90.09746499998528
2025-03-19 21:07:55,0x00000001,80.28555099997448
2025-03-19 21:07:57,0x00000001,83.51045699998849
2025-03-19 21:07:58,0x00000001,99.64959000001272
2025-03-19 21:07:59,0x00000001,127.96195600003557
2025-03-19 21:08:00,0x00000001,167.25797899994177
2025-03-19 21:08:01,0x00000001,215.99647300001834
2025-03-19 21:08:02,0x00000001,332.097105999992
2025-03-19 21:08:03,0x00000001,394.4136359999675
2025-03-19 21:08:04,0x00000001,456.5696749999688
2025-03-19 21:08:05,0x00000001,514.80226700005
2025-03-19 21:08:06,0x00000001,567.9703280000012
2025-03-19 21:08:07,0x00000001,611.6712420000567
2025-03-19 21:08:08,0x00000001,646.0969879999539
2025-03-19 21:08:09,0x00000001,668.4504639999886
2025-03-19 21:08:10,0x00000001,678.5744950000208
2025-03-19 21:08:11,0x00000001,675.3525459999992
2025-03-19 21:08:12,0x00000001,659.060826999962
2025-03-19 21:08:13,0x00000001,630.9325080000008
2025-03-19 21:08:14,0x00000001,591.5930229999731
2025-03-19 21:08:15,0x00000001,542.6538620000656
2025-03-19 21:08:16,0x00000001,486.9443089999095
2025-03-19 21:08:17,0x00000001,426.63996199996745
2025-03-19 21:08:18,0x00000001,364.102158000037
2025-03-19 21:08:19,0x00000001,302.08487899994907
2025-03-19 21:08:20,0x00000001,243.75185700000657
2025-03-19 21:08:21,0x00000001,191.22962599999482
2025-03-19 21:08:22,0x00000001,147.02971799999887
2025-03-19 21:08:23,0x00000001,112.56127199999355
2025-03-19 21:08:24,0x00000001,90.17854299997907
2025-03-19 21:08:25,0x00000001,80.18125199998849
2025-03-19 21:08:26,0x00000001,83.60098299999663
2025-03-19 21:08:27,0x00000001,99.43878399997175
2025-03-19 21:08:28,0x00000001,127.57450700007666
2025-03-19 21:08:29,0x00000001,167.23074000003635
2025-03-19 21:08:30,0x00000001,215.9612540000353
2025-03-19 21:08:31,0x00000001,271.53757100006715
2025-03-19 21:08:32,0x00000001,331.87780099990505
2025-03-19 21:08:33,0x00000001,394.55992000000606
2025-03-19 21:08:34,0x00000001,456.20902200005276
2025-03-19 21:08:35,0x00000001,514.8117149999507
2025-03-19 21:08:36,0x00000001,567.4075260000109
2025-03-19 21:08:37,0x00000001,611.8400340000107
2025-03-19 21:08:38,0x00000001,646.2005809999027
2025-03-19 21:08:39,0x00000001,668.3530120000114
2025-03-19 21:08:40,0x00000001,678.5016180000412
2025-03-19 21:08:41,0x00000001,675.0547179999558
2025-03-19 21:08:42,0x00000001,659.0690310000582
2025-03-19 21:08:43,0x00000001,631.0704539999961
2025-03-19 21:08:44,0x00000001,591.495974000054
2025-03-19 21:08:45,0x00000001,542.8926800000227
2025-03-19 21:08:46,0x00000001,487.231852999912
2025-03-19 21:08:47,0x00000001,426.67026000003716
2025-03-19 21:08:48,0x00000001,364.06021499999497
2025-03-19 21:08:49,0x00000001,302.4826359999224
2025-03-19 21:08:50,0x00000001,244.41233200002443
2025-03-19 21:08:51,0x00000001,191.34479699994245
2025-03-19 21:08:52,0x00000001,146.87741300008383
2025-03-19 21:08:53,0x00000001,112.69251700002769
2025-03-19 21:08:54,0x00000001,90.10687500006043
2025-03-19 21:08:55,0x00000001,80.19298900001104
2025-03-19 21:08:56,0x00000001,83.2816309999771
2025-03-19 21:08:57,0x00000001,99.52999099994031
2025-03-19 21:08:58,0x00000001,127.82369399997151
2025-03-19 21:08:59,0x00000001,167.20306100000926
2025-03-19 21:09:00,0x00000001,215.7963509999945
2025-03-19 21:09:01,0x00000001,271.56183700003567
2025-03-19 21:09:02,0x00000001,331.9426350000185
2025-03-19 21:09:03,0x00000001,394.41658699990967
2025-03-19 21:09:04,0x00000001,456.1976730000197
2025-03-19 21:09:05,0x00000001,456.26247699999567
2025-03-19 21:09:06,0x00000001,514.9382890000425
2025-03-19 21:09:07,0x00000001,567.4742929999184
2025-03-19 21:09:08,0x00000001,611.7687449999494
2025-03-19 21:09:09,0x00000001,645.9217450000097
2025-03-19 21:09:10,0x00000001,668.4640380000246
2025-03-19 21:09:11,0x00000001,678.4995130000198
2025-03-19 21:09:13,0x00000001,675.1827059999869
2025-03-19 21:09:14,0x00000001,659.1526160000285
2025-03-19 21:09:14,0x00000001,630.6280400000333
2025-03-19 21:09:15,0x00000001,591.4590679999492
2025-03-19 21:09:16,0x00000001,542.9776380000249
2025-03-19 21:09:17,0x00000001,487.12309400002596
2025-03-19 21:09:18,0x00000001,426.77645899993877
2025-03-19 21:09:19,0x00000001,364.20771799998874
2025-03-19 21:09:20,0x00000001,302.28682099993875
2025-03-19 21:09:21,0x00000001,243.79867900006502
2025-03-19 21:09:22,0x00000001,191.36380600002667
2025-03-19 21:09:23,0x00000001,146.94562199997563
2025-03-19 21:09:24,0x00000001,112.54442599999948
2025-03-19 21:09:25,0x00000001,90.86139600003662
2025-03-19 21:09:26,0x00000001,80.49386900006539
2025-03-19 21:09:27,0x00000001,83.36855999993986
2025-03-19 21:09:28,0x00000001,99.62346400004662
2025-03-19 21:09:29,0x00000001,128.0123059999596
2025-03-19 21:09:30,0x00000001,167.2371669999393
2025-03-19 21:09:31,0x00000001,271.6480770000089
2025-03-19 21:09:32,0x00000001,332.14468599999236
2025-03-19 21:09:33,0x00000001,394.54886200007877
2025-03-19 21:09:34,0x00000001,456.2564029999976
2025-03-19 21:09:35,0x00000001,514.8119650000353
2025-03-19 21:09:36,0x00000001,567.3770969999623
2025-03-19 21:09:37,0x00000001,611.8490449999854
2025-03-19 21:09:38,0x00000001,646.0479830000168
2025-03-19 21:09:39,0x00000001,668.694252000023
2025-03-19 21:09:40,0x00000001,678.4088269999984
2025-03-19 21:09:41,0x00000001,676.5283610000097
2025-03-19 21:09:42,0x00000001,658.9660769999455
2025-03-19 21:09:43,0x00000001,630.7093030000033
2025-03-19 21:09:44,0x00000001,591.567810000015
2025-03-19 21:09:45,0x00000001,542.624620999959
2025-03-19 21:09:46,0x00000001,487.3376079999616
2025-03-19 21:09:47,0x00000001,426.6373169999724
2025-03-19 21:09:48,0x00000001,364.1486699999632
2025-03-19 21:09:49,0x00000001,302.3842519999107
2025-03-19 21:09:50,0x00000001,243.9646760000187
2025-03-19 21:09:51,0x00000001,191.46394599999894
2025-03-19 21:09:52,0x00000001,146.90897200000563
2025-03-19 21:09:53,0x00000001,112.5807519999853
2025-03-19 21:09:54,0x00000001,90.22535999997672
2025-03-19 21:09:55,0x00000001,80.41290300002402
2025-03-19 21:09:56,0x00000001,83.31613600000765
2025-03-19 21:09:57,0x00000001,99.52086700002383
2025-03-19 21:09:58,0x00000001,127.8191629999128
2025-03-19 21:09:59,0x00000001,167.38839100003133
2025-03-19 21:10:00,0x00000001,215.7375489999822
2025-03-19 21:10:01,0x00000001,271.296555000049
2025-03-19 21:10:02,0x00000001,331.9371279999359
2025-03-19 21:10:03,0x00000001,394.4718230000035
2025-03-19 21:10:04,0x00000001,456.6538680001031
2025-03-19 21:10:05,0x00000001,514.8111470000458
2025-03-19 21:10:07,0x00000001,567.3326300000099
2025-03-19 21:10:08,0x00000001,611.7324240000244
2025-03-19 21:10:09,0x00000001,645.9391780000487
2025-03-19 21:10:10,0x00000001,668.5213299999759
2025-03-19 21:10:11,0x00000001,678.5165719999213
2025-03-19 21:10:11,0x00000001,675.264936000076
2025-03-19 21:10:12,0x00000001,659.1605030000665
2025-03-19 21:10:13,0x00000001,631.1893000000737
2025-03-19 21:10:14,0x00000001,591.4714969999295
2025-03-19 21:10:15,0x00000001,542.8339669999787
2025-03-19 21:10:16,0x00000001,487.2659540000086
2025-03-19 21:10:17,0x00000001,426.64207999996506
2025-03-19 21:10:18,0x00000001,364.2224410000381
2025-03-19 21:10:19,0x00000001,302.1852880000324
2025-03-19 21:10:20,0x00000001,243.80061299996214
2025-03-19 21:10:21,0x00000001,191.3325509999595
2025-03-19 21:10:22,0x00000001,146.88281199994435
2025-03-19 21:10:23,0x00000001,113.07095799998024
2025-03-19 21:10:24,0x00000001,90.05885200008379
2025-03-19 21:10:25,0x00000001,80.49828699995487
2025-03-19 21:10:26,0x00000001,83.5523530000728
2025-03-19 21:10:27,0x00000001,99.52973999997994
2025-03-19 21:10:28,0x00000001,127.7913690000787
2025-03-19 21:10:29,0x00000001,166.9829209999989
2025-03-19 21:10:30,0x00000001,215.65534699993805
2025-03-19 21:10:31,0x00000001,271.2641390000954
2025-03-19 21:10:32,0x00000001,331.96771500001887
2025-03-19 21:10:33,0x00000001,394.47448199996415
2025-03-19 21:10:34,0x00000001,456.4753100000871
2025-03-19 21:10:35,0x00000001,514.773046000073
2025-03-19 21:10:36,0x00000001,567.480680000017
2025-03-19 21:10:37,0x00000001,611.5699650000579
2025-03-19 21:10:38,0x00000001,612.2330110000576
2025-03-19 21:10:39,0x00000001,646.7010759999994
2025-03-19 21:10:40,0x00000001,668.5708139999633
2025-03-19 21:10:41,0x00000001,678.5518279999678
2025-03-19 21:10:42,0x00000001,675.1991130000761
2025-03-19 21:10:43,0x00000001,658.9036999999962
2025-03-19 21:10:45,0x00000001,630.6345689999944
2025-03-19 21:10:46,0x00000001,591.5939710000657
2025-03-19 21:10:46,0x00000001,542.9289200000085
2025-03-19 21:10:47,0x00000001,487.3049860000265
2025-03-19 21:10:48,0x00000001,426.77822099994955
2025-03-19 21:10:49,0x00000001,364.1874069999176
2025-03-19 21:10:50,0x00000001,302.2233870000264
2025-03-19 21:10:51,0x00000001,243.63504699999794
2025-03-19 21:10:52,0x00000001,191.47620000001098
2025-03-19 21:10:53,0x00000001,147.05359200002022
2025-03-19 21:10:54,0x00000001,112.59134399995219
2025-03-19 21:10:55,0x00000001,90.18210799990811
2025-03-19 21:10:56,0x00000001,80.40453700004946
2025-03-19 21:10:57,0x00000001,83.43734300001415
2025-03-19 21:10:58,0x00000001,99.7273860000405
2025-03-19 21:10:59,0x00000001,128.51237900008528
2025-03-19 21:11:00,0x00000001,215.86267899999712
2025-03-19 21:11:01,0x00000001,271.52950300001066
2025-03-19 21:11:02,0x00000001,332.24528600010217
2025-03-19 21:11:03,0x00000001,395.10252100001253
2025-03-19 21:11:04,0x00000001,456.294918000026
2025-03-19 21:11:05,0x00000001,514.8591460000489
2025-03-19 21:11:06,0x00000001,567.5940739999987
2025-03-19 21:11:07,0x00000001,611.9129539999903
2025-03-19 21:11:08,0x00000001,645.9622969999828
2025-03-19 21:11:09,0x00000001,668.6394879999398
2025-03-19 21:11:10,0x00000001,678.5352439999315
2025-03-19 21:11:11,0x00000001,675.3558630000498
2025-03-19 21:11:12,0x00000001,658.9439829999719
2025-03-19 21:11:13,0x00000001,630.9639910000442
2025-03-19 21:11:14,0x00000001,591.6179770000554
2025-03-19 21:11:15,0x00000001,542.6994959999547
2025-03-19 21:11:16,0x00000001,486.9752540000718
2025-03-19 21:11:17,0x00000001,426.53454700007387
2025-03-19 21:11:18,0x00000001,363.9522759999636
2025-03-19 21:11:19,0x00000001,302.23166799999035
2025-03-19 21:11:20,0x00000001,243.93771699999434
2025-03-19 21:11:21,0x00000001,191.2224159999596
2025-03-19 21:11:22,0x00000001,146.88879000004817
2025-03-19 21:11:23,0x00000001,112.84497799999826
2025-03-19 21:11:24,0x00000001,90.38431300007232
2025-03-19 21:11:25,0x00000001,80.37528599993493
2025-03-19 21:11:26,0x00000001,83.40501600002881
2025-03-19 21:11:27,0x00000001,99.80140000004667
2025-03-19 21:11:28,0x00000001,128.20679300000393
2025-03-19 21:11:29,0x00000001,167.12592700002915
2025-03-19 21:11:30,0x00000001,215.85762000006525
2025-03-19 21:11:31,0x00000001,271.76188400005685
2025-03-19 21:11:32,0x00000001,332.0470410000098
2025-03-19 21:11:33,0x00000001,394.4945830000961
2025-03-19 21:11:34,0x00000001,456.23789500007206
2025-03-19 21:11:35,0x00000001,515.2796120000858
2025-03-19 21:11:36,0x00000001,567.4427610000521
2025-03-19 21:11:37,0x00000001,611.7433480000045
2025-03-19 21:11:38,0x00000001,645.9629020000648
2025-03-19 21:11:39,0x00000001,668.396858000051
2025-03-19 21:11:40,0x00000001,678.40762000003
2025-03-19 21:11:41,0x00000001,675.0984259999768
2025-03-19 21:11:42,0x00000001,659.1713529999197
2025-03-19 21:11:43,0x00000001,630.8520740000176
2025-03-19 21:11:44,0x00000001,591.968976999965
2025-03-19 21:11:45,0x00000001,542.9799600000251
2025-03-19 21:11:46,0x00000001,487.28934799999024
2025-03-19 21:11:47,0x00000001,426.62247299995215
2025-03-19 21:11:48,0x00000001,364.23112800002855
2025-03-19 21:11:49,0x00000001,302.10149100003036
2025-03-19 21:11:50,0x00000001,243.5762419999037
2025-03-19 21:11:51,0x00000001,191.30080100001123
2025-03-19 21:11:52,0x00000001,146.8569880000814
2025-03-19 21:11:53,0x00000001,112.54843599999731
2025-03-19 21:11:54,0x00000001,90.13173300002109
2025-03-19 21:11:55,0x00000001,80.19209499991575
2025-03-19 21:11:56,0x00000001,83.30700700003035
2025-03-19 21:11:57,0x00000001,99.49609400007375
2025-03-19 21:11:58,0x00000001,127.75333700005831
2025-03-19 21:11:59,0x00000001,167.3909309999999
2025-03-19 21:12:00,0x00000001,215.66468999992594
2025-03-19 21:12:01,0x00000001,271.59206900000754
2025-03-19 21:12:02,0x00000001,332.26095899999564
2025-03-19 21:12:03,0x00000001,394.4535259998929
2025-03-19 21:12:04,0x00000001,456.55415999999605
2025-03-19 21:12:05,0x00000001,514.8242919999575
2025-03-19 21:12:06,0x00000001,567.4406450000333
2025-03-19 21:12:08,0x00000001,611.7508019999605
2025-03-19 21:12:09,0x00000001,645.9893239999701
2025-03-19 21:12:10,0x00000001,668.5054949999767
2025-03-19 21:12:11,0x00000001,678.2426030000579
2025-03-19 21:12:12,0x00000001,678.9676639999698
2025-03-19 21:12:13,0x00000001,675.3820520000318
2025-03-19 21:12:14,0x00000001,659.240514999965
2025-03-19 21:12:14,0x00000001,631.0663179999665
2025-03-19 21:12:15,0x00000001,591.7589540000563
2025-03-19 21:12:16,0x00000001,543.2797290000053
2025-03-19 21:12:17,0x00000001,486.95309100003215
2025-03-19 21:12:18,0x00000001,426.4782149999746
2025-03-19 21:12:19,0x00000001,364.2312250000259
2025-03-19 21:12:20,0x00000001,302.0562509999536
2025-03-19 21:12:21,0x00000001,243.79761900001995
2025-03-19 21:12:22,0x00000001,191.2400379999326
2025-03-19 21:12:23,0x00000001,146.8885040000032
2025-03-19 21:12:24,0x00000001,112.47278899998037
2025-03-19 21:12:25,0x00000001,90.57752500007155
2025-03-19 21:12:26,0x00000001,80.18375400001787
2025-03-19 21:12:27,0x00000001,83.4628339999881
2025-03-19 21:12:28,0x00000001,99.68916000002537
2025-03-19 21:12:29,0x00000001,127.88451000005807
2025-03-19 21:12:30,0x00000001,216.04280799999742
2025-03-19 21:12:31,0x00000001,271.6459119999399
2025-03-19 21:12:32,0x00000001,332.03798499994264
2025-03-19 21:12:33,0x00000001,394.46826200003215
2025-03-19 21:12:34,0x00000001,456.25597299999754
2025-03-19 21:12:35,0x00000001,514.9666350000643
2025-03-19 21:12:36,0x00000001,570.641022000018
2025-03-19 21:12:37,0x00000001,612.0014800000035
2025-03-19 21:12:38,0x00000001,646.061148000058
2025-03-19 21:12:39,0x00000001,668.7621579999359
2025-03-19 21:12:40,0x00000001,678.4607429999596
2025-03-19 21:12:41,0x00000001,675.4926889999524
2025-03-19 21:12:42,0x00000001,659.7555909999073
2025-03-19 21:12:43,0x00000001,630.817589000003
2025-03-19 21:12:44,0x00000001,591.5651850000359
2025-03-19 21:12:46,0x00000001,543.1000869999707
2025-03-19 21:12:46,0x00000001,487.1750279999105
2025-03-19 21:12:47,0x00000001,426.8691969999736
2025-03-19 21:12:48,0x00000001,364.06709300001694
2025-03-19 21:12:49,0x00000001,302.4973509999427
2025-03-19 21:12:50,0x00000001,243.910071000073
2025-03-19 21:12:51,0x00000001,191.26441199989586
2025-03-19 21:12:52,0x00000001,146.95394299997133
2025-03-19 21:12:53,0x00000001,112.56013900003836
2025-03-19 21:12:54,0x00000001,90.35668299998179
2025-03-19 21:12:55,0x00000001,80.19285599993964
2025-03-19 21:12:56,0x00000001,83.49260099998901
2025-03-19 21:12:57,0x00000001,99.5230730000003
2025-03-19 21:12:58,0x00000001,127.78726399994866
2025-03-19 21:12:59,0x00000001,167.23002599997017
2025-03-19 21:13:00,0x00000001,215.8918549999953
2025-03-19 21:13:01,0x00000001,271.477718999904
2025-03-19 21:13:02,0x00000001,332.1862479999709
2025-03-19 21:13:03,0x00000001,394.5029340000019
2025-03-19 21:13:04,0x00000001,456.4668689999962
2025-03-19 21:13:05,0x00000001,514.8159249999935
2025-03-19 21:13:06,0x00000001,567.6268160000291
2025-03-19 21:13:07,0x00000001,611.927608999963
2025-03-19 21:13:08,0x00000001,646.5283919999365
2025-03-19 21:13:09,0x00000001,668.6120250000158
2025-03-19 21:13:10,0x00000001,678.2429749999892
2025-03-19 21:13:11,0x00000001,675.3858780000428
2025-03-19 21:13:12,0x00000001,659.1491640000413
2025-03-19 21:13:13,0x00000001,631.0505920000651
2025-03-19 21:13:14,0x00000001,591.663115000074
2025-03-19 21:13:15,0x00000001,543.0805620000001
2025-03-19 21:13:16,0x00000001,487.31961099997534
2025-03-19 21:13:17,0x00000001,426.8185710000125
2025-03-19 21:13:18,0x00000001,364.3271660000664
2025-03-19 21:13:19,0x00000001,302.2763899999745
2025-03-19 21:13:20,0x00000001,243.9156829999547
2025-03-19 21:13:21,0x00000001,191.36738199995307
2025-03-19 21:13:22,0x00000001,147.02987100008613
2025-03-19 21:13:23,0x00000001,112.68034900001567
2025-03-19 21:13:24,0x00000001,90.28843100008999
2025-03-19 21:13:25,0x00000001,80.35041300001922
2025-03-19 21:13:26,0x00000001,83.51109199998064
2025-03-19 21:13:27,0x00000001,99.78959600005055
2025-03-19 21:13:28,0x00000001,127.94192000001203
2025-03-19 21:13:29,0x00000001,167.404599000065
2025-03-19 21:13:30,0x00000001,215.91565899996112
2025-03-19 21:13:31,0x00000001,271.6287530000727
2025-03-19 21:13:32,0x00000001,332.00493300000744
2025-03-19 21:13:33,0x00000001,394.7280119999732
2025-03-19 21:13:34,0x00000001,456.41035200003444
2025-03-19 21:13:36,0x00000001,515.083048000065
2025-03-19 21:13:37,0x00000001,567.536079999968
2025-03-19 21:13:38,0x00000001,611.8969679999964
2025-03-19 21:13:39,0x00000001,645.9905809999782
2025-03-19 21:13:40,0x00000001,668.7902559999657
2025-03-19 21:13:41,0x00000001,678.5254540000096
2025-03-19 21:13:42,0x00000001,675.4968449999978
2025-03-19 21:13:42,0x00000001,659.026960999995
2025-03-19 21:13:43,0x00000001,658.9788420000104
2025-03-19 21:13:44,0x00000001,630.9199549999676
2025-03-19 21:13:45,0x00000001,591.4548799999011
2025-03-19 21:13:46,0x00000001,543.0082210000364
2025-03-19 21:13:47,0x00000001,487.286360999974
2025-03-19 21:13:48,0x00000001,426.7355329999418
2025-03-19 21:13:49,0x00000001,364.45921000006365
2025-03-19 21:13:50,0x00000001,302.4464310000212
2025-03-19 21:13:51,0x00000001,243.96171900002628
2025-03-19 21:13:52,0x00000001,191.11712099993383
2025-03-19 21:13:53,0x00000001,147.0919949999825
2025-03-19 21:13:54,0x00000001,112.63781399998152
2025-03-19 21:13:55,0x00000001,90.05812200007313
2025-03-19 21:13:56,0x00000001,80.54761699997925
2025-03-19 21:13:57,0x00000001,83.35987099997055
2025-03-19 21:13:58,0x00000001,99.62331899998844
2025-03-19 21:13:59,0x00000001,167.29391900003066
2025-03-19 21:14:00,0x00000001,216.1355310000772
2025-03-19 21:14:01,0x00000001,271.63760100006584
2025-03-19 21:14:02,0x00000001,331.91366500000186
2025-03-19 21:14:03,0x00000001,394.8083290000568
2025-03-19 21:14:04,0x00000001,456.4292759999944
2025-03-19 21:14:05,0x00000001,515.00242599991
2025-03-19 21:14:06,0x00000001,567.5959449999937
2025-03-19 21:14:07,0x00000001,611.8258279999509
2025-03-19 21:14:08,0x00000001,646.23575600001
2025-03-19 21:14:09,0x00000001,668.8762859999997
2025-03-19 21:14:10,0x00000001,678.4493769999926
2025-03-19 21:14:12,0x00000001,675.5046570000331
2025-03-19 21:14:13,0x00000001,659.2300969999769
2025-03-19 21:14:14,0x00000001,631.2549970000418
2025-03-19 21:14:15,0x00000001,591.4333509999778
2025-03-19 21:14:15,0x00000001,543.0750579999994
2025-03-19 21:14:16,0x00000001,487.1560359999876
2025-03-19 21:14:17,0x00000001,426.77715700006047
2025-03-19 21:14:18,0x00000001,364.1803309999432
2025-03-19 21:14:19,0x00000001,302.501785000004
2025-03-19 21:14:20,0x00000001,243.9584210000021
2025-03-19 21:14:21,0x00000001,191.4317389999951
2025-03-19 21:14:22,0x00000001,146.9911400000683
2025-03-19 21:14:23,0x00000001,112.83433699998113
2025-03-19 21:14:24,0x00000001,90.2800420000176
2025-03-19 21:14:25,0x00000001,80.34367799996289
2025-03-19 21:14:26,0x00000001,83.34985499993763
2025-03-19 21:14:27,0x00000001,99.69628900000771
2025-03-19 21:14:28,0x00000001,127.8079380000463
2025-03-19 21:14:29,0x00000001,167.08246899997903
2025-03-19 21:14:30,0x00000001,215.8023439999397
2025-03-19 21:14:31,0x00000001,271.62810300001183
2025-03-19 21:14:32,0x00000001,332.10924200000136
2025-03-19 21:14:33,0x00000001,394.46302600003946
2025-03-19 21:14:34,0x00000001,456.15542899997763
2025-03-19 21:14:35,0x00000001,514.8829309999883
2025-03-19 21:14:36,0x00000001,567.332859999965
2025-03-19 21:14:37,0x00000001,611.7433059999939
2025-03-19 21:14:38,0x00000001,645.7839140000488
2025-03-19 21:14:39,0x00000001,668.670693000081
2025-03-19 21:14:40,0x00000001,678.4525560000247
2025-03-19 21:14:41,0x00000001,675.2595990000145
2025-03-19 21:14:42,0x00000001,659.3607959999872
2025-03-19 21:14:43,0x00000001,630.8208650000324
2025-03-19 21:14:44,0x00000001,591.6823290000366
2025-03-19 21:14:45,0x00000001,542.8367700000081
2025-03-19 21:14:46,0x00000001,487.2308900000917
2025-03-19 21:14:47,0x00000001,426.6365280000173
2025-03-19 21:14:48,0x00000001,364.13290400003007
2025-03-19 21:14:49,0x00000001,302.2922650000055
2025-03-19 21:14:50,0x00000001,243.8776679999819
2025-03-19 21:14:51,0x00000001,191.252327999905
2025-03-19 21:14:52,0x00000001,147.02739300003032
2025-03-19 21:14:53,0x00000001,112.66404100001637
2025-03-19 21:14:54,0x00000001,89.96046400000068
2025-03-19 21:14:55,0x00000001,80.24831099999119
2025-03-19 21:14:56,0x00000001,83.33973800006333
2025-03-19 21:14:57,0x00000001,99.37919000003603
2025-03-19 21:14:58,0x00000001,127.77658300001349
2025-03-19 21:14:59,0x00000001,167.15198500003225
2025-03-19 21:15:00,0x00000001,215.8595979999518
2025-03-19 21:15:01,0x00000001,271.48387200008983
2025-03-19 21:15:02,0x00000001,332.04456499993285
2025-03-19 21:15:03,0x00000001,394.67360499997994
2025-03-19 21:15:04,0x00000001,456.3270869999769
2025-03-19 21:15:05,0x00000001,514.7942629999989
2025-03-19 21:15:07,0x00000001,567.5475330000381
2025-03-19 21:15:08,0x00000001,611.769363999997
2025-03-19 21:15:09,0x00000001,646.0375409999415
2025-03-19 21:15:10,0x00000001,668.4437109998953
2025-03-19 21:15:11,0x00000001,678.578004999963
2025-03-19 21:15:12,0x00000001,675.2774489999638
2025-03-19 21:15:13,0x00000001,659.4612580000785
2025-03-19 21:15:14,0x00000001,630.8796900000289
2025-03-19 21:15:14,0x00000001,591.3964420000184
2025-03-19 21:15:15,0x00000001,542.7626899999041
2025-03-19 21:15:16,0x00000001,542.7699739999525
2025-03-19 21:15:17,0x00000001,487.13655200003814
2025-03-19 21:15:18,0x00000001,426.5942729999779
2025-03-19 21:15:19,0x00000001,364.2057050000176
2025-03-19 21:15:20,0x00000001,302.2010339999497
2025-03-19 21:15:21,0x00000001,243.78081500003645
2025-03-19 21:15:22,0x00000001,191.2165390000382
2025-03-19 21:15:23,0x00000001,146.68145100006313
2025-03-19 21:15:24,0x00000001,112.71530099998017
2025-03-19 21:15:25,0x00000001,90.37443499994424
2025-03-19 21:15:26,0x00000001,80.24952699997812
2025-03-19 21:15:27,0x00000001,83.42914999991535
2025-03-19 21:15:28,0x00000001,127.84623800007466
2025-03-19 21:15:29,0x00000001,167.14837400002125
2025-03-19 21:15:30,0x00000001,215.72054499995374
2025-03-19 21:15:31,0x00000001,271.3985820000744
2025-03-19 21:15:32,0x00000001,331.99975200000154
2025-03-19 21:15:33,0x00000001,394.39915399998426
2025-03-19 21:15:34,0x00000001,456.3877660000344
2025-03-19 21:15:35,0x00000001,514.7244589999218
2025-03-19 21:15:36,0x00000001,567.3597200000131
2025-03-19 21:15:37,0x00000001,611.606380000012
2025-03-19 21:15:38,0x00000001,646.0204200000135
2025-03-19 21:15:39,0x00000001,668.6060279999992
2025-03-19 21:15:41,0x00000001,678.5028369999964
2025-03-19 21:15:42,0x00000001,675.3523400000176
2025-03-19 21:15:43,0x00000001,659.3011389999219
2025-03-19 21:15:44,0x00000001,631.0872180000615
2025-03-19 21:15:45,0x00000001,591.4816230000497
2025-03-19 21:15:46,0x00000001,542.8489589999117
2025-03-19 21:15:46,0x00000001,487.23466100000223
2025-03-19 21:15:47,0x00000001,426.584440000056
2025-03-19 21:15:48,0x00000001,363.94415500001287
2025-03-19 21:15:49,0x00000001,302.4265160000823
2025-03-19 21:15:50,0x00000001,243.65547799993692
2025-03-19 21:15:51,0x00000001,191.14400900002693
2025-03-19 21:15:52,0x00000001,146.85090299997228
2025-03-19 21:15:53,0x00000001,112.69835400003103
2025-03-19 21:15:54,0x00000001,89.96243399997184
2025-03-19 21:15:55,0x00000001,80.1565550000305
2025-03-19 21:15:56,0x00000001,83.49949499995546
2025-03-19 21:15:57,0x00000001,99.49313900006018
2025-03-19 21:15:58,0x00000001,127.7574559999266
2025-03-19 21:15:59,0x00000001,166.99334800000543
2025-03-19 21:16:00,0x00000001,215.91856200006987
2025-03-19 21:16:01,0x00000001,271.6605520000712
2025-03-19 21:16:02,0x00000001,331.84130500001174
2025-03-19 21:16:03,0x00000001,394.58431299999575
2025-03-19 21:16:04,0x00000001,456.6273599999704
2025-03-19 21:16:05,0x00000001,514.6505369999659
2025-03-19 21:16:06,0x00000001,567.3596180000686
2025-03-19 21:16:08,0x00000001,611.604464999914
2025-03-19 21:16:09,0x00000001,645.8416940000689
2025-03-19 21:16:10,0x00000001,668.2491789999858
2025-03-19 21:16:11,0x00000001,678.2951989998764
2025-03-19 21:16:11,0x00000001,675.0744089999898
2025-03-19 21:16:12,0x00000001,659.2459359999339
2025-03-19 21:16:13,0x00000001,630.7806539998637
2025-03-19 21:16:14,0x00000001,591.5906150000865
2025-03-19 21:16:15,0x00000001,543.0823230001351
2025-03-19 21:16:16,0x00000001,487.1971059999396
2025-03-19 21:16:17,0x00000001,426.7834550000771
2025-03-19 21:16:18,0x00000001,364.2752069999915
2025-03-19 21:16:19,0x00000001,302.14135000005626
2025-03-19 21:16:20,0x00000001,243.6158720001913
2025-03-19 21:16:21,0x00000001,191.3061079999352
2025-03-19 21:16:22,0x00000001,146.94056600001204
2025-03-19 21:16:23,0x00000001,112.78042999992977
2025-03-19 21:16:24,0x00000001,89.97148399998878
2025-03-19 21:16:25,0x00000001,80.0577229999817
2025-03-19 21:16:26,0x00000001,83.36374200007413
2025-03-19 21:16:27,0x00000001,99.41326199987088
2025-03-19 21:16:28,0x00000001,128.5770169999978
2025-03-19 21:16:29,0x00000001,167.1419930000866
2025-03-19 21:16:30,0x00000001,215.96912400013935
2025-03-19 21:16:31,0x00000001,271.4111420000336
2025-03-19 21:16:32,0x00000001,332.0094999999128
2025-03-19 21:16:33,0x00000001,394.4686779998392
2025-03-19 21:16:34,0x00000001,460.52357999997184
2025-03-19 21:16:35,0x00000001,514.824697999984
2025-03-19 21:16:36,0x00000001,567.52600599998
2025-03-19 21:16:38,0x00000001,612.0098139999754
2025-03-19 21:16:39,0x00000001,646.5545309999925
2025-03-19 21:16:40,0x00000001,668.5556140000699
2025-03-19 21:16:41,0x00000001,679.6846249999362
2025-03-19 21:16:42,0x00000001,675.4982239999663
2025-03-19 21:16:43,0x00000001,659.1367799999261
2025-03-19 21:16:44,0x00000001,630.8275779999803
2025-03-19 21:16:44,0x00000001,591.8277579999085
2025-03-19 21:16:45,0x00000001,542.8887370001121
2025-03-19 21:16:46,0x00000001,487.31642400002784
2025-03-19 21:16:47,0x00000001,426.9865389999268
2025-03-19 21:16:48,0x00000001,426.5377379999791
2025-03-19 21:16:49,0x00000001,364.1675359999681
2025-03-19 21:16:50,0x00000001,302.03877700000703
2025-03-19 21:16:51,0x00000001,244.12609600017277
2025-03-19 21:16:52,0x00000001,191.06904000000213
2025-03-19 21:16:53,0x00000001,146.88516499995785
2025-03-19 21:16:54,0x00000001,112.84192900006929
2025-03-19 21:16:55,0x00000001,90.62168700006623
2025-03-19 21:16:56,0x00000001,80.34628599989446
2025-03-19 21:16:57,0x00000001,83.31175700004678
2025-03-19 21:16:58,0x00000001,127.60390500011454
2025-03-19 21:16:59,0x00000001,167.29553499999383
2025-03-19 21:17:00,0x00000001,215.78198900010648
2025-03-19 21:17:01,0x00000001,271.5144430001146
2025-03-19 21:17:02,0x00000001,332.2080520001691
2025-03-19 21:17:03,0x00000001,394.32662300009724
2025-03-19 21:17:04,0x00000001,456.35065700002997
2025-03-19 21:17:05,0x00000001,514.9058049998985
2025-03-19 21:17:06,0x00000001,570.6449009999233
2025-03-19 21:17:07,0x00000001,611.7774249999002
2025-03-19 21:17:08,0x00000001,645.9992370000691
2025-03-19 21:17:09,0x00000001,668.6406800001805
2025-03-19 21:17:10,0x00000001,678.5532720000447
2025-03-19 21:17:11,0x00000001,675.246179999931
2025-03-19 21:17:12,0x00000001,659.3726510000124
2025-03-19 21:17:13,0x00000001,630.8835100001033
2025-03-19 21:17:15,0x00000001,592.1369039999718
2025-03-19 21:17:16,0x00000001,542.9628790000152
2025-03-19 21:17:17,0x00000001,487.2863309999502
2025-03-19 21:17:17,0x00000001,426.7788399999972
2025-03-19 21:17:18,0x00000001,364.3866560000788
2025-03-19 21:17:19,0x00000001,302.32214600005136
2025-03-19 21:17:20,0x00000001,243.68719800008876
2025-03-19 21:17:21,0x00000001,191.21774299992467
2025-03-19 21:17:22,0x00000001,146.99611700007154
2025-03-19 21:17:23,0x00000001,112.81844900008764
2025-03-19 21:17:24,0x00000001,90.17277700013437
2025-03-19 21:17:25,0x00000001,80.3128249999645
2025-03-19 21:17:26,0x00000001,83.44070099997225
2025-03-19 21:17:27,0x00000001,99.36540800003968
2025-03-19 21:17:28,0x00000001,128.04054699995504
2025-03-19 21:17:29,0x00000001,167.29657200016845
2025-03-19 21:17:30,0x00000001,215.71951800001443
2025-03-19 21:17:31,0x00000001,271.5554480000719
2025-03-19 21:17:32,0x00000001,332.1284410001226
2025-03-19 21:17:33,0x00000001,394.51825200012536
2025-03-19 21:17:34,0x00000001,456.3231370000267
2025-03-19 21:17:35,0x00000001,514.7371309999471
2025-03-19 21:17:37,0x00000001,567.5019819998397
2025-03-19 21:17:38,0x00000001,611.8241479998687
2025-03-19 21:17:39,0x00000001,645.9833840001465
2025-03-19 21:17:40,0x00000001,668.8642970000274
2025-03-19 21:17:41,0x00000001,678.5711429999992
2025-03-19 21:17:41,0x00000001,675.3539199999068
2025-03-19 21:17:42,0x00000001,659.2570899999828
2025-03-19 21:17:43,0x00000001,630.8710230000543
2025-03-19 21:17:44,0x00000001,591.6808330000549
2025-03-19 21:17:45,0x00000001,542.8791869999259
2025-03-19 21:17:46,0x00000001,487.43133500011027
2025-03-19 21:17:48,0x00000001,426.7382059999818
2025-03-19 21:17:48,0x00000001,364.22632500011787
2025-03-19 21:17:49,0x00000001,302.51805200009585
2025-03-19 21:17:50,0x00000001,244.66730299991468
2025-03-19 21:17:51,0x00000001,191.33533899980648
2025-03-19 21:17:52,0x00000001,147.047978000046
2025-03-19 21:17:53,0x00000001,112.6762950000284
2025-03-19 21:17:54,0x00000001,90.0652180000634
2025-03-19 21:17:55,0x00000001,80.1743270001225
2025-03-19 21:17:56,0x00000001,83.63092999979926
2025-03-19 21:17:57,0x00000001,99.5416219998333
2025-03-19 21:17:58,0x00000001,128.0818889999864
2025-03-19 21:17:59,0x00000001,167.18668899989098
2025-03-19 21:18:00,0x00000001,215.97069400013424
2025-03-19 21:18:01,0x00000001,271.50194299997565
2025-03-19 21:18:02,0x00000001,332.18313199995464
2025-03-19 21:18:03,0x00000001,394.6640149999894
2025-03-19 21:18:05,0x00000001,456.503856999916
2025-03-19 21:18:06,0x00000001,514.8826679999274
2025-03-19 21:18:07,0x00000001,567.6601620000383
2025-03-19 21:18:08,0x00000001,612.6536489998671
2025-03-19 21:18:09,0x00000001,645.9337260000666
2025-03-19 21:18:10,0x00000001,668.7814790000175
2025-03-19 21:18:11,0x00000001,678.717504000133
2025-03-19 21:18:12,0x00000001,675.2702979999867
2025-03-19 21:18:13,0x00000001,659.5679089998612
2025-03-19 21:18:13,0x00000001,630.9158229998957
2025-03-19 21:18:14,0x00000001,591.6740650000065
2025-03-19 21:18:15,0x00000001,542.9746790000536
2025-03-19 21:18:16,0x00000001,487.0170500000768
2025-03-19 21:18:17,0x00000001,426.68934400012404
2025-03-19 21:18:18,0x00000001,364.1669720000209
2025-03-19 21:18:19,0x00000001,302.1673709999959
2025-03-19 21:18:20,0x00000001,302.9706970000916
2025-03-19 21:18:21,0x00000001,243.75189200009117
2025-03-19 21:18:22,0x00000001,191.26833700011048
2025-03-19 21:18:23,0x00000001,146.7487899999469
2025-03-19 21:18:24,0x00000001,112.55983799992464
2025-03-19 21:18:25,0x00000001,90.54249399991932
2025-03-19 21:18:26,0x00000001,80.2024709998932
2025-03-19 21:18:27,0x00000001,83.40928600000552
2025-03-19 21:18:28,0x00000001,127.93345399995815
2025-03-19 21:18:29,0x00000001,167.0755550001104
2025-03-19 21:18:30,0x00000001,215.81857399996807
2025-03-19 21:18:31,0x00000001,271.5018000001237
2025-03-19 21:18:32,0x00000001,332.2565969999687
2025-03-19 21:18:33,0x00000001,394.5694970000204
2025-03-19 21:18:34,0x00000001,456.539715999952
2025-03-19 21:18:35,0x00000001,514.8521520000031
2025-03-19 21:18:36,0x00000001,567.2923970000738
2025-03-19 21:18:38,0x00000001,611.8608059998678
2025-03-19 21:18:39,0x00000001,645.944401999941
2025-03-19 21:18:40,0x00000001,668.6387150000428
2025-03-19 21:18:41,0x00000001,678.4622010000021
2025-03-19 21:18:42,0x00000001,675.18905299994
2025-03-19 21:18:43,0x00000001,659.0668949997962
2025-03-19 21:18:44,0x00000001,630.9872520000681
2025-03-19 21:18:45,0x00000001,591.728331000013
2025-03-19 21:18:45,0x00000001,542.9736080000112
2025-03-19 21:18:46,0x00000001,487.0743779999884
2025-03-19 21:18:47,0x00000001,426.7113360001531
2025-03-19 21:18:48,0x00000001,364.2277250000916
2025-03-19 21:18:49,0x00000001,302.42967899994255
2025-03-19 21:18:50,0x00000001,243.77524000010453
2025-03-19 21:18:51,0x00000001,191.16457800009812
2025-03-19 21:18:52,0x00000001,146.87880700012101
2025-03-19 21:18:53,0x00000001,112.84633800005395
2025-03-19 21:18:54,0x00000001,90.01352500013127
2025-03-19 21:18:55,0x00000001,80.42489099989325
2025-03-19 21:18:56,0x00000001,83.42575000006036
2025-03-19 21:18:57,0x00000001,99.64152200018361
2025-03-19 21:18:58,0x00000001,128.07773600002292
2025-03-19 21:18:59,0x00000001,167.16231099985635
2025-03-19 21:19:00,0x00000001,215.77180100007354
2025-03-19 21:19:01,0x00000001,271.5092490000188
2025-03-19 21:19:02,0x00000001,331.9336800000201
2025-03-19 21:19:03,0x00000001,394.59266000017124
2025-03-19 21:19:04,0x00000001,456.31277900019995
2025-03-19 21:19:05,0x00000001,514.6782059998714
2025-03-19 21:19:06,0x00000001,567.4943970000186
2025-03-19 21:19:07,0x00000001,611.8618620000689
2025-03-19 21:19:08,0x00000001,646.1352840001382
2025-03-19 21:19:09,0x00000001,668.6495619999278
2025-03-19 21:19:10,0x00000001,678.3912219998456
2025-03-19 21:19:11,0x00000001,675.2878429999782
2025-03-19 21:19:12,0x00000001,659.45568799998
2025-03-19 21:19:13,0x00000001,631.1297419999846
2025-03-19 21:19:14,0x00000001,591.7054499998358
2025-03-19 21:19:16,0x00000001,543.3195200000682
2025-03-19 21:19:17,0x00000001,487.7976850000323
2025-03-19 21:19:17,0x00000001,426.734217999865
2025-03-19 21:19:18,0x00000001,364.4867590001013
2025-03-19 21:19:19,0x00000001,302.4726969999847
2025-03-19 21:19:20,0x00000001,243.68173099992418
2025-03-19 21:19:21,0x00000001,191.17710599994098
2025-03-19 21:19:22,0x00000001,146.80828799987466
2025-03-19 21:19:23,0x00000001,112.71384199994827
2025-03-19 21:19:24,0x00000001,90.12320200008617
2025-03-19 21:19:25,0x00000001,80.4862669999693
2025-03-19 21:19:26,0x00000001,83.64306800012855
2025-03-19 21:19:27,0x00000001,99.62510399986968
2025-03-19 21:19:28,0x00000001,128.11679099991125
2025-03-19 21:19:29,0x00000001,167.4246669999775
2025-03-19 21:19:30,0x00000001,215.79870599998685
2025-03-19 21:19:31,0x00000001,271.8214920000719
2025-03-19 21:19:32,0x00000001,332.1298440000646
2025-03-19 21:19:33,0x00000001,394.7197770000912
2025-03-19 21:19:35,0x00000001,456.82442900010756
2025-03-19 21:19:36,0x00000001,514.854669999977
2025-03-19 21:19:37,0x00000001,567.2704199998861
2025-03-19 21:19:38,0x00000001,612.00728599988
2025-03-19 21:19:39,0x00000001,646.0027590001118
2025-03-19 21:19:40,0x00000001,668.5750259998713
2025-03-19 21:19:41,0x00000001,678.4378129998458
2025-03-19 21:19:42,0x00000001,675.4903569999442
2025-03-19 21:19:43,0x00000001,659.8011300000053
2025-03-19 21:19:44,0x00000001,630.9356710000884
2025-03-19 21:19:44,0x00000001,591.5089629997965
2025-03-19 21:19:45,0x00000001,542.7959780001856
2025-03-19 21:19:46,0x00000001,487.1038439998756
2025-03-19 21:19:47,0x00000001,426.698960000067
2025-03-19 21:19:48,0x00000001,364.5185150000998
2025-03-19 21:19:49,0x00000001,302.50066600001446
2025-03-19 21:19:50,0x00000001,244.1044879999481
2025-03-19 21:19:51,0x00000001,191.38803600003484
2025-03-19 21:19:52,0x00000001,191.1127089999809
2025-03-19 21:19:53,0x00000001,146.97500400006902
2025-03-19 21:19:54,0x00000001,112.90853000014067
2025-03-19 21:19:55,0x00000001,90.1260089999596
2025-03-19 21:19:56,0x00000001,80.28907899984006
2025-03-19 21:19:57,0x00000001,83.65651500002969
2025-03-19 21:19:58,0x00000001,127.86868900002446
2025-03-19 21:19:59,0x00000001,167.1277430000373
2025-03-19 21:20:00,0x00000001,215.90136300005724
2025-03-19 21:20:01,0x00000001,271.45854600007624
2025-03-19 21:20:02,0x00000001,332.0352640000692
2025-03-19 21:20:03,0x00000001,394.54075799994826
2025-03-19 21:20:04,0x00000001,456.4449660001628
2025-03-19 21:20:05,0x00000001,514.9526430000151
2025-03-19 21:20:06,0x00000001,567.612199999985
2025-03-19 21:20:07,0x00000001,612.0616609998706
2025-03-19 21:20:08,0x00000001,645.9593380000115
2025-03-19 21:20:09,0x00000001,668.6465909999697
2025-03-19 21:20:10,0x00000001,678.5342569999102
2025-03-19 21:20:12,0x00000001,675.5209980001382
2025-03-19 21:20:13,0x00000001,659.4775959999879
2025-03-19 21:20:14,0x00000001,630.8403049999924
2025-03-19 21:20:15,0x00000001,591.7131370001698
2025-03-19 21:20:16,0x00000001,543.0038989998138
2025-03-19 21:20:16,0x00000001,487.36202800000683
2025-03-19 21:20:17,0x00000001,427.1181640001487
2025-03-19 21:20:18,0x00000001,364.8477479998746
2025-03-19 21:20:19,0x00000001,302.4045009999554
2025-03-19 21:20:20,0x00000001,244.48334400017302
2025-03-19 21:20:21,0x00000001,191.53805999985707
2025-03-19 21:20:22,0x00000001,146.86501100004534
2025-03-19 21:20:23,0x00000001,112.89063799995347
2025-03-19 21:20:24,0x00000001,90.3726540000207
2025-03-19 21:20:25,0x00000001,80.6796240001404
2025-03-19 21:20:26,0x00000001,83.73150800002804
2025-03-19 21:20:27,0x00000001,99.5040110001355
2025-03-19 21:20:28,0x00000001,128.03330099995947
2025-03-19 21:20:29,0x00000001,167.30569999981526
2025-03-19 21:20:30,0x00000001,216.04148900019027
2025-03-19 21:20:31,0x00000001,271.8654840000454
2025-03-19 21:20:32,0x00000001,332.0141599999715
2025-03-19 21:20:33,0x00000001,394.65168399988215
2025-03-19 21:20:35,0x00000001,456.30975999984
2025-03-19 21:20:36,0x00000001,514.7807789999206
2025-03-19 21:20:37,0x00000001,567.3285789998772
2025-03-19 21:20:38,0x00000001,611.7845409999063
2025-03-19 21:20:39,0x00000001,648.9004680001926
2025-03-19 21:20:40,0x00000001,668.7443880000501
2025-03-19 21:20:41,0x00000001,678.5863570000856
2025-03-19 21:20:41,0x00000001,675.5523770000309
2025-03-19 21:20:42,0x00000001,659.1798799997832
2025-03-19 21:20:43,0x00000001,630.9190039999066
2025-03-19 21:20:44,0x00000001,591.809258000012
2025-03-19 21:20:45,0x00000001,543.1048379998629
2025-03-19 21:20:47,0x00000001,487.3265389999233
2025-03-19 21:20:48,0x00000001,426.94086899996364
2025-03-19 21:20:48,0x00000001,364.24688900001456
2025-03-19 21:20:49,0x00000001,302.2592939998958
2025-03-19 21:20:50,0x00000001,244.00802700006352
2025-03-19 21:20:51,0x00000001,191.24236800007566
2025-03-19 21:20:52,0x00000001,146.84581799997432
2025-03-19 21:20:53,0x00000001,112.72538999992321
2025-03-19 21:20:54,0x00000001,90.24355199994716
2025-03-19 21:20:55,0x00000001,80.27427400020315
2025-03-19 21:20:56,0x00000001,83.44058300008328
2025-03-19 21:20:57,0x00000001,99.76474299992333
2025-03-19 21:20:58,0x00000001,128.04431299991847
2025-03-19 21:20:59,0x00000001,167.45259799995438
2025-03-19 21:21:00,0x00000001,215.72573100002046
2025-03-19 21:21:01,0x00000001,271.91771599996173
2025-03-19 21:21:02,0x00000001,331.9672380000611
2025-03-19 21:21:03,0x00000001,394.650368999919
2025-03-19 21:21:04,0x00000001,456.5249719998974
2025-03-19 21:21:06,0x00000001,514.9183070000163
2025-03-19 21:21:07,0x00000001,567.8292989998681
2025-03-19 21:21:08,0x00000001,612.2630899999422
2025-03-19 21:21:09,0x00000001,646.1115679999239
2025-03-19 21:21:10,0x00000001,668.6724240000785
2025-03-19 21:21:11,0x00000001,678.4604829999807
2025-03-19 21:21:12,0x00000001,675.3706690001309
2025-03-19 21:21:13,0x00000001,659.2503030001353
2025-03-19 21:21:14,0x00000001,631.0236489998715
2025-03-19 21:21:15,0x00000001,591.6751170000225
2025-03-19 21:21:15,0x00000001,543.1488890001219
2025-03-19 21:21:16,0x00000001,487.58978099999695
2025-03-19 21:21:17,0x00000001,427.0809180000015
2025-03-19 21:21:18,0x00000001,364.3845130000045
2025-03-19 21:21:19,0x00000001,302.6559619997897
2025-03-19 21:21:20,0x00000001,244.27547300001606
2025-03-19 21:21:21,0x00000001,191.82554600001822
2025-03-19 21:21:22,0x00000001,147.2209839998868
2025-03-19 21:21:23,0x00000001,146.88533499997902
2025-03-19 21:21:24,0x00000001,112.97396899999512
2025-03-19 21:21:25,0x00000001,90.35630700009278
2025-03-19 21:21:26,0x00000001,80.3312719999667
2025-03-19 21:21:27,0x00000001,99.55347700019956
2025-03-19 21:21:28,0x00000001,127.83623500013164
2025-03-19 21:21:29,0x00000001,167.24656500014135
2025-03-19 21:21:30,0x00000001,215.77596900010576
2025-03-19 21:21:31,0x00000001,271.620854000048
2025-03-19 21:21:32,0x00000001,331.872636000071
2025-03-19 21:21:33,0x00000001,394.50998099982826
2025-03-19 21:21:34,0x00000001,456.3768010000331
2025-03-19 21:21:35,0x00000001,515.0602710000385
2025-03-19 21:21:36,0x00000001,567.5559650001105
2025-03-19 21:21:37,0x00000001,611.8997080000099
2025-03-19 21:21:38,0x00000001,646.188623000171
2025-03-19 21:21:40,0x00000001,668.8355119999869
2025-03-19 21:21:41,0x00000001,678.7313520001135
2025-03-19 21:21:42,0x00000001,675.4247320000104
2025-03-19 21:21:43,0x00000001,659.5169929998974
2025-03-19 21:21:44,0x00000001,630.9635080001499
2025-03-19 21:21:45,0x00000001,591.6359129998909
2025-03-19 21:21:46,0x00000001,543.2056849999753
2025-03-19 21:21:46,0x00000001,487.24946000015734
2025-03-19 21:21:47,0x00000001,426.89760100006424
2025-03-19 21:21:48,0x00000001,364.1497289997915
2025-03-19 21:21:49,0x00000001,302.34182000003784
2025-03-19 21:21:50,0x00000001,244.06142400016506
2025-03-19 21:21:51,0x00000001,191.40792500002135
2025-03-19 21:21:52,0x00000001,147.1463349998885
2025-03-19 21:21:53,0x00000001,112.94263200011301
2025-03-19 21:21:54,0x00000001,90.26564700002382
2025-03-19 21:21:55,0x00000001,80.34337699996286
2025-03-19 21:21:56,0x00000001,83.48425700000917
2025-03-19 21:21:57,0x00000001,99.56250499999442
2025-03-19 21:21:58,0x00000001,128.16262000001188
2025-03-19 21:21:59,0x00000001,167.19488100011404
2025-03-19 21:22:00,0x00000001,215.58191799999804
2025-03-19 21:22:01,0x00000001,271.7591470000116
2025-03-19 21:22:02,0x00000001,332.1385790000022
2025-03-19 21:22:03,0x00000001,394.41726400013977
2025-03-19 21:22:04,0x00000001,456.35204099994553
2025-03-19 21:22:05,0x00000001,514.9707220000437
2025-03-19 21:22:07,0x00000001,567.5351939999018
2025-03-19 21:22:08,0x00000001,611.858710999968
2025-03-19 21:22:09,0x00000001,646.1975189999976
2025-03-19 21:22:10,0x00000001,668.697801999997
2025-03-19 21:22:11,0x00000001,678.5531179998543
2025-03-19 21:22:12,0x00000001,675.3542779999862
2025-03-19 21:22:12,0x00000001,659.3428880000829
2025-03-19 21:22:13,0x00000001,631.0281679998297
2025-03-19 21:22:14,0x00000001,591.6280160001861
2025-03-19 21:22:15,0x00000001,542.907213000035
2025-03-19 21:22:16,0x00000001,487.5811210001757
2025-03-19 21:22:17,0x00000001,426.8343809999351
2025-03-19 21:22:19,0x00000001,364.2635290000271
2025-03-19 21:22:19,0x00000001,302.350689999912
2025-03-19 21:22:20,0x00000001,244.22290200004682
2025-03-19 21:22:21,0x00000001,191.35655199988832
2025-03-19 21:22:22,0x00000001,147.03300599990143
2025-03-19 21:22:23,0x00000001,112.87377400003606
2025-03-19 21:22:24,0x00000001,90.51477699995303
2025-03-19 21:22:25,0x00000001,80.70160000011128
2025-03-19 21:22:26,0x00000001,83.38523299994449
2025-03-19 21:22:27,0x00000001,99.61127800011127
2025-03-19 21:22:28,0x00000001,127.95391899999231
2025-03-19 21:22:29,0x00000001,167.3354570000356
2025-03-19 21:22:30,0x00000001,215.8260189999055
2025-03-19 21:22:31,0x00000001,271.5671419998671
2025-03-19 21:22:32,0x00000001,331.93870900004185
2025-03-19 21:22:33,0x00000001,394.5262129998355
2025-03-19 21:22:34,0x00000001,456.6395179999745
2025-03-19 21:22:35,0x00000001,515.1219510000828
2025-03-19 21:22:37,0x00000001,567.4992849999398
2025-03-19 21:22:38,0x00000001,611.7924049999601
2025-03-19 21:22:39,0x00000001,646.0853270000371
2025-03-19 21:22:40,0x00000001,668.7963980000404
2025-03-19 21:22:41,0x00000001,678.689994000024
2025-03-19 21:22:42,0x00000001,675.4255629998624
2025-03-19 21:22:43,0x00000001,659.3223180000223
2025-03-19 21:22:43,0x00000001,631.558011000152
2025-03-19 21:22:44,0x00000001,591.685883999844
2025-03-19 21:22:45,0x00000001,542.9488580000452
2025-03-19 21:22:46,0x00000001,487.21408899996277
2025-03-19 21:22:47,0x00000001,426.77754999999706
2025-03-19 21:22:49,0x00000001,365.786178999997
2025-03-19 21:22:49,0x00000001,302.5626310000007
2025-03-19 21:22:50,0x00000001,243.81336700002976
2025-03-19 21:22:51,0x00000001,191.24445399984324
2025-03-19 21:22:52,0x00000001,146.9333210000059
2025-03-19 21:22:53,0x00000001,146.97828599992135
2025-03-19 21:22:54,0x00000001,112.83917099990504
2025-03-19 21:22:55,0x00000001,90.40609399994537
2025-03-19 21:22:56,0x00000001,83.42982699991808
2025-03-19 21:22:57,0x00000001,99.72793899987664
2025-03-19 21:22:58,0x00000001,127.91411700004574
2025-03-19 21:22:59,0x00000001,167.2864260001461
2025-03-19 21:23:00,0x00000001,215.82173399997373
2025-03-19 21:23:01,0x00000001,271.537970000054
2025-03-19 21:23:02,0x00000001,332.1662710000055
2025-03-19 21:23:03,0x00000001,394.5764220000001
2025-03-19 21:23:04,0x00000001,456.2745289999839
2025-03-19 21:23:05,0x00000001,514.9640230001751
2025-03-19 21:23:06,0x00000001,567.5394690001667
2025-03-19 21:23:08,0x00000001,611.8503830000463
2025-03-19 21:23:09,0x00000001,646.0279380000884
2025-03-19 21:23:10,0x00000001,668.7453289998757
2025-03-19 21:23:11,0x00000001,678.4515950000696
2025-03-19 21:23:12,0x00000001,675.176835000002
2025-03-19 21:23:13,0x00000001,659.2311150000114
2025-03-19 21:23:14,0x00000001,630.9420539998882
2025-03-19 21:23:15,0x00000001,591.6218810000373
2025-03-19 21:23:15,0x00000001,543.1584089999433
2025-03-19 21:23:16,0x00000001,487.2623360001853
2025-03-19 21:23:17,0x00000001,426.6318710001542
2025-03-19 21:23:18,0x00000001,364.0899219999483
2025-03-19 21:23:19,0x00000001,302.1955369999887
2025-03-19 21:23:20,0x00000001,243.8288990001638
2025-03-19 21:23:21,0x00000001,192.00909000005595
2025-03-19 21:23:22,0x00000001,147.51627700002246
2025-03-19 21:23:23,0x00000001,112.87920700010545
2025-03-19 21:23:24,0x00000001,90.22410300008232
2025-03-19 21:23:25,0x00000001,80.46959600005721
2025-03-19 21:23:26,0x00000001,83.41174699990006
2025-03-19 21:23:27,0x00000001,99.54736100007722
2025-03-19 21:23:28,0x00000001,127.80398199993215
2025-03-19 21:23:29,0x00000001,167.39072399991528
2025-03-19 21:23:30,0x00000001,215.9072169999945
2025-03-19 21:23:31,0x00000001,271.8706390000989
2025-03-19 21:23:32,0x00000001,331.94881700001133
2025-03-19 21:23:33,0x00000001,394.6157929999572
2025-03-19 21:23:34,0x00000001,456.55431000000135
2025-03-19 21:23:35,0x00000001,515.0734339999872
2025-03-19 21:23:36,0x00000001,567.29083800019
2025-03-19 21:23:37,0x00000001,611.818760999995
2025-03-19 21:23:39,0x00000001,645.8451240000613
2025-03-19 21:23:40,0x00000001,668.5914710001271
2025-03-19 21:23:41,0x00000001,678.6026590000347
2025-03-19 21:23:42,0x00000001,675.3953140000704
2025-03-19 21:23:43,0x00000001,659.2007560000184
2025-03-19 21:23:44,0x00000001,630.6600130001243
2025-03-19 21:23:45,0x00000001,591.7491279999467
2025-03-19 21:23:46,0x00000001,543.1537580000168
2025-03-19 21:23:46,0x00000001,487.05665500006035
2025-03-19 21:23:47,0x00000001,426.6397320000124
2025-03-19 21:23:48,0x00000001,364.0581669999392
2025-03-19 21:23:49,0x00000001,302.2989559999587
2025-03-19 21:23:50,0x00000001,243.7940059999164
2025-03-19 21:23:51,0x00000001,191.17817500000456
2025-03-19 21:23:52,0x00000001,146.8786509999518
2025-03-19 21:23:53,0x00000001,113.39636899992911
2025-03-19 21:23:54,0x00000001,90.36348500012537
2025-03-19 21:23:55,0x00000001,80.49545500011845
2025-03-19 21:23:56,0x00000001,83.58153399990442
2025-03-19 21:23:57,0x00000001,99.43828800010124
2025-03-19 21:23:58,0x00000001,127.8370749998885
2025-03-19 21:23:59,0x00000001,167.15075699994486
2025-03-19 21:24:00,0x00000001,215.73191199991015
2025-03-19 21:24:01,0x00000001,271.582411000054
2025-03-19 21:24:02,0x00000001,331.98355600006835
2025-03-19 21:24:03,0x00000001,394.6469249999609
2025-03-19 21:24:04,0x00000001,456.280353000011
2025-03-19 21:24:05,0x00000001,514.8012009999547
2025-03-19 21:24:06,0x00000001,571.3518840000233
2025-03-19 21:24:07,0x00000001,612.191988999939
2025-03-19 21:24:08,0x00000001,645.9127279999848
2025-03-19 21:24:09,0x00000001,668.2902119998744
2025-03-19 21:24:10,0x00000001,678.3676469999591
2025-03-19 21:24:11,0x00000001,675.2890519999255
2025-03-19 21:24:12,0x00000001,659.3707639999593
2025-03-19 21:24:13,0x00000001,630.7485669999551
2025-03-19 21:24:15,0x00000001,591.6319360001125
2025-03-19 21:24:16,0x00000001,543.1641039999704
2025-03-19 21:24:17,0x00000001,487.6583910001955
2025-03-19 21:24:18,0x00000001,426.77344699995956
2025-03-19 21:24:18,0x00000001,364.3251020000662
2025-03-19 21:24:19,0x00000001,302.7947589998803
2025-03-19 21:24:20,0x00000001,243.8558159999502
2025-03-19 21:24:21,0x00000001,191.37862400020822
2025-03-19 21:24:22,0x00000001,146.82725699981347
2025-03-19 21:24:23,0x00000001,146.87460599998303
2025-03-19 21:24:24,0x00000001,112.8591920000872
2025-03-19 21:24:25,0x00000001,80.25674999998955
2025-03-19 21:24:26,0x00000001,83.55387400001746
2025-03-19 21:24:27,0x00000001,99.68297799991888
2025-03-19 21:24:28,0x00000001,127.8457939999953
2025-03-19 21:24:29,0x00000001,167.46127200008232
2025-03-19 21:24:30,0x00000001,215.85796099998333
2025-03-19 21:24:31,0x00000001,271.56865899996774
2025-03-19 21:24:33,0x00000001,332.0713059999889
2025-03-19 21:24:34,0x00000001,394.6359689998644
2025-03-19 21:24:35,0x00000001,456.2374570000429
2025-03-19 21:24:36,0x00000001,514.8498669998389
2025-03-19 21:24:37,0x00000001,567.37272700002
2025-03-19 21:24:38,0x00000001,611.817432999942
2025-03-19 21:24:39,0x00000001,646.0471180000695
2025-03-19 21:24:40,0x00000001,668.8102670000262
2025-03-19 21:24:41,0x00000001,678.5126859999764
2025-03-19 21:24:42,0x00000001,675.265766999928
2025-03-19 21:24:43,0x00000001,659.5214550000037
2025-03-19 21:24:44,0x00000001,630.823694000128
2025-03-19 21:24:44,0x00000001,591.6649149999103
2025-03-19 21:24:45,0x00000001,543.0983359999573
2025-03-19 21:24:46,0x00000001,487.3831289999089
2025-03-19 21:24:47,0x00000001,427.0005690000289
2025-03-19 21:24:48,0x00000001,364.3363969999882
2025-03-19 21:24:49,0x00000001,302.3960339999121
2025-03-19 21:24:50,0x00000001,243.99427800017293
2025-03-19 21:24:51,0x00000001,191.3214189999053
2025-03-19 21:24:52,0x00000001,147.09061200005635
2025-03-19 21:24:53,0x00000001,112.94688800012409
2025-03-19 21:24:54,0x00000001,90.04714499997135
2025-03-19 21:24:55,0x00000001,80.40482700016582
2025-03-19 21:24:56,0x00000001,83.43460000014602
2025-03-19 21:24:57,0x00000001,99.45759500010354
2025-03-19 21:24:58,0x00000001,128.5993280000639
2025-03-19 21:24:59,0x00000001,167.1811470000648
2025-03-19 21:25:00,0x00000001,215.74575199997525
2025-03-19 21:25:01,0x00000001,271.35645400016983
2025-03-19 21:25:02,0x00000001,331.95281799999066
2025-03-19 21:25:03,0x00000001,394.5521660000395
2025-03-19 21:25:04,0x00000001,456.4365060000455
2025-03-19 21:25:05,0x00000001,514.7192580000137
2025-03-19 21:25:06,0x00000001,567.4072080000769
2025-03-19 21:25:07,0x00000001,611.856674000137
2025-03-19 21:25:08,0x00000001,645.9868040001311
2025-03-19 21:25:09,0x00000001,668.5434739999891
2025-03-19 21:25:11,0x00000001,678.4854719999203
2025-03-19 21:25:12,0x00000001,675.160515000016
2025-03-19 21:25:13,0x00000001,659.7394010000244
2025-03-19 21:25:14,0x00000001,630.8397530001457
2025-03-19 21:25:15,0x00000001,591.6775640000651
2025-03-19 21:25:16,0x00000001,543.0141649999314
2025-03-19 21:25:16,0x00000001,487.2928359998241
2025-03-19 21:25:17,0x00000001,426.75712599998405
2025-03-19 21:25:18,0x00000001,364.4552730002033
2025-03-19 21:25:19,0x00000001,302.5629410001329
2025-03-19 21:25:20,0x00000001,243.88964499985377
2025-03-19 21:25:21,0x00000001,191.43895100000918
2025-03-19 21:25:22,0x00000001,146.94134399996983
2025-03-19 21:25:23,0x00000001,112.72691700014548
2025-03-19 21:25:24,0x00000001,90.333512999905
2025-03-19 21:25:25,0x00000001,80.59162999984437
2025-03-19 21:25:26,0x00000001,83.33620799999153
2025-03-19 21:25:27,0x00000001,99.75255000017569
2025-03-19 21:25:28,0x00000001,127.99101899986454
2025-03-19 21:25:29,0x00000001,167.10875299986583
2025-03-19 21:25:30,0x00000001,215.86034899996775
2025-03-19 21:25:31,0x00000001,271.56121999996685
2025-03-19 21:25:32,0x00000001,331.9484609999108
2025-03-19 21:25:33,0x00000001,394.5392159998846
2025-03-19 21:25:34,0x00000001,456.3414730000659
2025-03-19 21:25:36,0x00000001,514.8135100000673
2025-03-19 21:25:37,0x00000001,567.8175729999566
2025-03-19 21:25:38,0x00000001,611.965543999986
2025-03-19 21:25:39,0x00000001,645.9638359999644
2025-03-19 21:25:40,0x00000001,668.6704890000783
2025-03-19 21:25:41,0x00000001,678.3832070000244
2025-03-19 21:25:42,0x00000001,675.434125000038
2025-03-19 21:25:42,0x00000001,659.41186200007
2025-03-19 21:25:43,0x00000001,630.8732919999329
2025-03-19 21:25:44,0x00000001,591.411171000118
2025-03-19 21:25:45,0x00000001,543.048724000073
2025-03-19 21:25:46,0x00000001,487.19295399996554
2025-03-19 21:25:48,0x00000001,426.75706999989416
2025-03-19 21:25:49,0x00000001,364.34096299990415
2025-03-19 21:25:49,0x00000001,302.60585499991066
2025-03-19 21:25:50,0x00000001,244.02480100002322
2025-03-19 21:25:51,0x00000001,191.1820010000156
2025-03-19 21:25:52,0x00000001,147.05039000000397
2025-03-19 21:25:53,0x00000001,112.7505619999738
2025-03-19 21:25:54,0x00000001,112.73015400001896
2025-03-19 21:25:55,0x00000001,80.32111300008182
2025-03-19 21:25:56,0x00000001,83.64330299991707
2025-03-19 21:25:57,0x00000001,99.9992449999354
2025-03-19 21:25:58,0x00000001,128.00289200004045
2025-03-19 21:25:59,0x00000001,167.26937599992198
2025-03-19 21:26:00,0x00000001,215.65051800007495
2025-03-19 21:26:01,0x00000001,271.32448800011844
2025-03-19 21:26:02,0x00000001,331.9443069999579
2025-03-19 21:26:03,0x00000001,394.3890689999989
2025-03-19 21:26:04,0x00000001,456.2969730000077
2025-03-19 21:26:06,0x00000001,515.1075459998538
2025-03-19 21:26:07,0x00000001,567.7076309998483
2025-03-19 21:26:08,0x00000001,611.7520489999606
2025-03-19 21:26:09,0x00000001,646.2366949999705
2025-03-19 21:26:10,0x00000001,668.7854209999387
2025-03-19 21:26:11,0x00000001,678.5797109998839
2025-03-19 21:26:12,0x00000001,675.2744929999608
2025-03-19 21:26:13,0x00000001,659.4699879999553
2025-03-19 21:26:14,0x00000001,630.8600219999789
2025-03-19 21:26:15,0x00000001,591.6021030000138
2025-03-19 21:26:15,0x00000001,543.0596200001219
2025-03-19 21:26:16,0x00000001,487.260415000037
2025-03-19 21:26:17,0x00000001,426.8019880000793
2025-03-19 21:26:18,0x00000001,364.48256299991044
2025-03-19 21:26:19,0x00000001,302.4585300001945
2025-03-19 21:26:20,0x00000001,243.94998200000373
2025-03-19 21:26:21,0x00000001,191.330280000102
2025-03-19 21:26:22,0x00000001,147.00849299993024
2025-03-19 21:26:23,0x00000001,112.7377489999617
2025-03-19 21:26:24,0x00000001,90.51111700000547
2025-03-19 21:26:25,0x00000001,80.32387799994467
2025-03-19 21:26:26,0x00000001,84.09882000000835
2025-03-19 21:26:27,0x00000001,99.61855000005926
2025-03-19 21:26:28,0x00000001,127.6548799999091
2025-03-19 21:26:29,0x00000001,167.19899700001406
2025-03-19 21:26:30,0x00000001,215.96147200011728
2025-03-19 21:26:31,0x00000001,271.561815999803
2025-03-19 21:26:32,0x00000001,332.1481220000351
2025-03-19 21:26:33,0x00000001,394.4667069999923
2025-03-19 21:26:34,0x00000001,456.4489310000681
2025-03-19 21:26:35,0x00000001,515.0977529999636
2025-03-19 21:26:36,0x00000001,567.7623109997967
2025-03-19 21:26:37,0x00000001,611.7865399999118
2025-03-19 21:26:38,0x00000001,645.8686700000271
2025-03-19 21:26:39,0x00000001,668.7506920000033
2025-03-19 21:26:40,0x00000001,678.5761710000315
2025-03-19 21:26:41,0x00000001,675.1980860001368
2025-03-19 21:26:43,0x00000001,659.434999000041
2025-03-19 21:26:44,0x00000001,631.3290769999185
2025-03-19 21:26:45,0x00000001,591.4792700000362
2025-03-19 21:26:46,0x00000001,542.9861279999386
2025-03-19 21:26:47,0x00000001,487.39939000006416
2025-03-19 21:26:48,0x00000001,431.14547000004677
2025-03-19 21:26:48,0x00000001,364.38203700004124
2025-03-19 21:26:49,0x00000001,302.4169749999146
2025-03-19 21:26:50,0x00000001,243.85085899984915
2025-03-19 21:26:51,0x00000001,191.31814899992605
2025-03-19 21:26:52,0x00000001,146.91822499980844
2025-03-19 21:26:53,0x00000001,112.65668800001549
2025-03-19 21:26:54,0x00000001,90.01095999997233
2025-03-19 21:26:55,0x00000001,80.57219499983148
2025-03-19 21:26:56,0x00000001,83.59728000004907
2025-03-19 21:26:57,0x00000001,99.71930099982274
2025-03-19 21:26:58,0x00000001,127.78391399979228
2025-03-19 21:26:59,0x00000001,167.3409630000151
2025-03-19 21:27:00,0x00000001,215.85794099996747
2025-03-19 21:27:01,0x00000001,271.6615259998889
2025-03-19 21:27:03,0x00000001,332.246780000105
2025-03-19 21:27:04,0x00000001,394.68940899996596
2025-03-19 21:27:05,0x00000001,456.50394800009053
2025-03-19 21:27:06,0x00000001,514.9386000000504
2025-03-19 21:27:07,0x00000001,567.4589660000038
2025-03-19 21:27:08,0x00000001,611.7005429998699
2025-03-19 21:27:09,0x00000001,645.940580999877
2025-03-19 21:27:10,0x00000001,668.3876459999283
2025-03-19 21:27:11,0x00000001,678.4183009999651
2025-03-19 21:27:12,0x00000001,675.4376289998163
2025-03-19 21:27:13,0x00000001,659.324616000049
2025-03-19 21:27:13,0x00000001,630.8666950001225
2025-03-19 21:27:14,0x00000001,591.6721160001543
2025-03-19 21:27:15,0x00000001,543.2094699999652
2025-03-19 21:27:16,0x00000001,487.5727090000055
2025-03-19 21:27:17,0x00000001,426.8801530001838
2025-03-19 21:27:18,0x00000001,364.53737100009675
2025-03-19 21:27:20,0x00000001,302.88334299984854
2025-03-19 21:27:20,0x00000001,243.79838200002268
2025-03-19 21:27:21,0x00000001,191.14601800015407
2025-03-19 21:27:22,0x00000001,146.80057500004295
2025-03-19 21:27:23,0x00000001,90.03688899997542
2025-03-19 21:27:24,0x00000001,90.01650100003644
2025-03-19 21:27:25,0x00000001,80.2329999999074
2025-03-19 21:27:26,0x00000001,83.39730500006226
2025-03-19 21:27:27,0x00000001,99.6135929999582
2025-03-19 21:27:28,0x00000001,127.84721399998489
2025-03-19 21:27:29,0x00000001,167.13957699994353
2025-03-19 21:27:30,0x00000001,215.55993300012233
2025-03-19 21:27:31,0x00000001,271.3482300000578
2025-03-19 21:27:32,0x00000001,331.9613379999282
2025-03-19 21:27:33,0x00000001,394.4961689999218
2025-03-19 21:27:34,0x00000001,456.4202450001176
2025-03-19 21:27:35,0x00000001,514.7633439999026
2025-03-19 21:27:36,0x00000001,567.2521730000426
2025-03-19 21:27:37,0x00000001,611.9174049999856
2025-03-19 21:27:39,0x00000001,645.9335720001036
2025-03-19 21:27:40,0x00000001,668.463705000022
2025-03-19 21:27:41,0x00000001,678.335111000024
2025-03-19 21:27:42,0x00000001,675.2576889998636
2025-03-19 21:27:43,0x00000001,659.1319389999626
2025-03-19 21:27:44,0x00000001,630.9897819999151
2025-03-19 21:27:45,0x00000001,591.6387780000605
2025-03-19 21:27:46,0x00000001,543.0233449999378
2025-03-19 21:27:46,0x00000001,490.26774800017847
2025-03-19 21:27:47,0x00000001,426.63352399995347
2025-03-19 21:27:48,0x00000001,364.24922399987736
2025-03-19 21:27:49,0x00000001,302.2749429999294
2025-03-19 21:27:50,0x00000001,243.78277499999967
2025-03-19 21:27:51,0x00000001,191.305808999914
2025-03-19 21:27:52,0x00000001,146.98917100008657
2025-03-19 21:27:53,0x00000001,112.9049969999869
2025-03-19 21:27:54,0x00000001,90.06602499994187
2025-03-19 21:27:55,0x00000001,80.38144900001498
2025-03-19 21:27:56,0x00000001,83.4095590000743
2025-03-19 21:27:57,0x00000001,99.54143799996018
2025-03-19 21:27:58,0x00000001,127.89703799990093
2025-03-19 21:27:59,0x00000001,167.04236700002184
2025-03-19 21:28:00,0x00000001,215.6135660000018
2025-03-19 21:28:01,0x00000001,271.4223420000508
2025-03-19 21:28:02,0x00000001,331.91604400008146
2025-03-19 21:28:03,0x00000001,394.42544999997153
2025-03-19 21:28:04,0x00000001,456.2930499998856
2025-03-19 21:28:06,0x00000001,514.701192000075
2025-03-19 21:28:07,0x00000001,567.3998039999333
2025-03-19 21:28:08,0x00000001,611.7961329998707
2025-03-19 21:28:09,0x00000001,646.0442249999687
2025-03-19 21:28:10,0x00000001,668.4695700000702
2025-03-19 21:28:11,0x00000001,678.5226769998189
2025-03-19 21:28:12,0x00000001,675.1972709998881
2025-03-19 21:28:12,0x00000001,659.1363929999261
2025-03-19 21:28:13,0x00000001,630.8706329998586
2025-03-19 21:28:14,0x00000001,591.5232759998617
2025-03-19 21:28:16,0x00000001,542.9109490000883
2025-03-19 21:28:17,0x00000001,487.1856199999911
2025-03-19 21:28:18,0x00000001,426.69501299997137
2025-03-19 21:28:18,0x00000001,364.1219389999151
2025-03-19 21:28:19,0x00000001,302.33533900013754
2025-03-19 21:28:20,0x00000001,243.6550669999633
2025-03-19 21:28:21,0x00000001,191.33290099989608
2025-03-19 21:28:22,0x00000001,146.79844300007971
2025-03-19 21:28:23,0x00000001,112.69838899988827
2025-03-19 21:28:24,0x00000001,89.98205900002176
2025-03-19 21:28:25,0x00000001,80.32070599983854
2025-03-19 21:28:26,0x00000001,83.48678399988785
2025-03-19 21:28:27,0x00000001,99.70648800003801
2025-03-19 21:28:28,0x00000001,127.79939500001092
2025-03-19 21:28:29,0x00000001,167.09408500014433
2025-03-19 21:28:30,0x00000001,216.02263399995536
2025-03-19 21:28:31,0x00000001,271.5965310001138
2025-03-19 21:28:33,0x00000001,331.9029630001751
2025-03-19 21:28:34,0x00000001,394.58333800007495
2025-03-19 21:28:35,0x00000001,456.86705000002803
2025-03-19 21:28:36,0x00000001,514.9098370000047
2025-03-19 21:28:37,0x00000001,567.3979939999754
2025-03-19 21:28:38,0x00000001,611.7681840000841
2025-03-19 21:28:39,0x00000001,646.0611610000342
2025-03-19 21:28:40,0x00000001,668.6838459997944
2025-03-19 21:28:41,0x00000001,678.4477829999105
2025-03-19 21:28:42,0x00000001,675.429609000048
2025-03-19 21:28:42,0x00000001,659.2531470000722
2025-03-19 21:28:43,0x00000001,630.862291999847
2025-03-19 21:28:44,0x00000001,591.8211089999659
2025-03-19 21:28:46,0x00000001,542.9590029998508
2025-03-19 21:28:47,0x00000001,487.1958229998654
2025-03-19 21:28:48,0x00000001,427.1210350000274
2025-03-19 21:28:48,0x00000001,364.74813399991035
2025-03-19 21:28:49,0x00000001,302.29104799991546
2025-03-19 21:28:50,0x00000001,243.91843300008986
2025-03-19 21:28:51,0x00000001,191.27214899981482
2025-03-19 21:28:52,0x00000001,146.8349340000259
2025-03-19 21:28:53,0x00000001,90.42299600014303
2025-03-19 21:28:54,0x00000001,89.9499779998223
2025-03-19 21:28:55,0x00000001,80.14353300018229
2025-03-19 21:28:56,0x00000001,83.48651400001472
2025-03-19 21:28:57,0x00000001,99.40891099995497
2025-03-19 21:28:58,0x00000001,128.0265729999428
2025-03-19 21:28:59,0x00000001,167.34502600002088
2025-03-19 21:29:00,0x00000001,215.78531099999054
2025-03-19 21:29:01,0x00000001,271.4571709998381
2025-03-19 21:29:02,0x00000001,331.7439470001773
2025-03-19 21:29:03,0x00000001,394.3653320000067
2025-03-19 21:29:04,0x00000001,456.4519549999204
2025-03-19 21:29:06,0x00000001,514.8860960000547
2025-03-19 21:29:07,0x00000001,567.5068310001734
2025-03-19 21:29:08,0x00000001,611.8138429999362
2025-03-19 21:29:09,0x00000001,645.9770379999554
2025-03-19 21:29:10,0x00000001,669.1816050001762
2025-03-19 21:29:11,0x00000001,678.3748899999864
2025-03-19 21:29:12,0x00000001,675.449363000098
2025-03-19 21:29:13,0x00000001,659.2985570000565
2025-03-19 21:29:14,0x00000001,630.6018170000698
2025-03-19 21:29:14,0x00000001,591.5640099999564
2025-03-19 21:29:15,0x00000001,542.9359319998639
2025-03-19 21:29:16,0x00000001,488.3567319998292
2025-03-19 21:29:17,0x00000001,426.70713999996224
2025-03-19 21:29:18,0x00000001,364.2504540000573
2025-03-19 21:29:19,0x00000001,302.50322799997775
2025-03-19 21:29:20,0x00000001,243.70001500005856
2025-03-19 21:29:21,0x00000001,191.4346050000404
2025-03-19 21:29:22,0x00000001,147.05731100002595
2025-03-19 21:29:23,0x00000001,112.63955000003989
2025-03-19 21:29:24,0x00000001,90.08027300001231
2025-03-19 21:29:25,0x00000001,80.41918200001419
2025-03-19 21:29:26,0x00000001,83.14242900019053
2025-03-19 21:29:27,0x00000001,99.61342500014325
2025-03-19 21:29:28,0x00000001,127.85145499992723
2025-03-19 21:29:29,0x00000001,167.31039199999032
2025-03-19 21:29:30,0x00000001,215.56003999990025
2025-03-19 21:29:31,0x00000001,271.4998229998855
2025-03-19 21:29:32,0x00000001,332.04485300007036
2025-03-19 21:29:33,0x00000001,394.390833999978
2025-03-19 21:29:34,0x00000001,456.1915809999846
2025-03-19 21:29:35,0x00000001,514.8436289998699
2025-03-19 21:29:36,0x00000001,567.3027220000222
2025-03-19 21:29:37,0x00000001,611.6885720000482
2025-03-19 21:29:38,0x00000001,645.8598209999309
2025-03-19 21:29:39,0x00000001,668.3097640000142
2025-03-19 21:29:41,0x00000001,678.386756000009
2025-03-19 21:29:42,0x00000001,675.2907799998411
2025-03-19 21:29:43,0x00000001,658.9795939999021
2025-03-19 21:29:44,0x00000001,630.7344509998529
2025-03-19 21:29:45,0x00000001,591.4939720000802
2025-03-19 21:29:46,0x00000001,542.9330109998318
2025-03-19 21:29:47,0x00000001,487.2754879997956
2025-03-19 21:29:47,0x00000001,426.6186879999623
2025-03-19 21:29:48,0x00000001,364.09194899988506
2025-03-19 21:29:49,0x00000001,302.2703939998337
2025-03-19 21:29:50,0x00000001,243.64082499982942
2025-03-19 21:29:51,0x00000001,191.12859100005153
2025-03-19 21:29:52,0x00000001,146.70136499989894
2025-03-19 21:29:53,0x00000001,112.6506220000465
2025-03-19 21:29:54,0x00000001,90.07275999988451
2025-03-19 21:29:55,0x00000001,80.21386699988398
2025-03-19 21:29:56,0x00000001,83.37852199997542
2025-03-19 21:29:57,0x00000001,99.33264999995117
2025-03-19 21:29:58,0x00000001,127.92409300004692
2025-03-19 21:29:59,0x00000001,167.2616729999845
2025-03-19 21:30:00,0x00000001,215.62486199991326
2025-03-19 21:30:01,0x00000001,271.45655300000726
2025-03-19 21:30:02,0x00000001,332.00093400000696
2025-03-19 21:30:04,0x00000001,394.3729019999864
2025-03-19 21:30:05,0x00000001,456.5861829998994
2025-03-19 21:30:06,0x00000001,514.7424719998526
2025-03-19 21:30:07,0x00000001,567.3268709999775
2025-03-19 21:30:08,0x00000001,612.040006000143
2025-03-19 21:30:09,0x00000001,645.8348080000178
2025-03-19 21:30:10,0x00000001,668.5864379999202
2025-03-19 21:30:11,0x00000001,678.2982649999667
2025-03-19 21:30:12,0x00000001,675.190104999956
2025-03-19 21:30:13,0x00000001,659.1157619998285
2025-03-19 21:30:14,0x00000001,630.8486069999617
2025-03-19 21:30:14,0x00000001,591.5826120001384
2025-03-19 21:30:15,0x00000001,542.9273939998893
2025-03-19 21:30:16,0x00000001,487.14487699999154
2025-03-19 21:30:17,0x00000001,426.80006899990985
2025-03-19 21:30:18,0x00000001,364.19503399997666
2025-03-19 21:30:20,0x00000001,302.4469060001138
2025-03-19 21:30:20,0x00000001,243.80091800003356
2025-03-19 21:30:21,0x00000001,191.5028149999216
2025-03-19 21:30:22,0x00000001,146.89499899986913
2025-03-19 21:30:23,0x00000001,89.97545900001569
2025-03-19 21:30:24,0x00000001,80.30865400019138
2025-03-19 21:30:25,0x00000001,80.01199900013489
2025-03-19 21:30:26,0x00000001,83.34808700010399
2025-03-19 21:30:27,0x00000001,99.75153599998521
2025-03-19 21:30:28,0x00000001,127.8600739999547
2025-03-19 21:30:29,0x00000001,167.05511600002865
2025-03-19 21:30:30,0x00000001,215.65585300004386
2025-03-19 21:30:31,0x00000001,271.578252999916
2025-03-19 21:30:32,0x00000001,331.7461579999872
2025-03-19 21:30:33,0x00000001,394.41527300004964
2025-03-19 21:30:34,0x00000001,456.1676589999024
2025-03-19 21:30:35,0x00000001,514.6273000000292
2025-03-19 21:30:36,0x00000001,567.3261530000673
2025-03-19 21:30:37,0x00000001,611.4347440000074
2025-03-19 21:30:38,0x00000001,645.9329960000559
2025-03-19 21:30:40,0x00000001,668.3636929999466
2025-03-19 21:30:41,0x00000001,678.3106210000369
2025-03-19 21:30:42,0x00000001,675.3042420000384
2025-03-19 21:30:43,0x00000001,659.2556279999826
2025-03-19 21:30:44,0x00000001,630.7250700001532
2025-03-19 21:30:45,0x00000001,591.5935649998119
2025-03-19 21:30:46,0x00000001,543.0240790001335
2025-03-19 21:30:47,0x00000001,487.3860819998299
2025-03-19 21:30:47,0x00000001,426.5960300001552
2025-03-19 21:30:48,0x00000001,364.344636999931
2025-03-19 21:30:49,0x00000001,302.3061940000389
2025-03-19 21:30:50,0x00000001,243.69601100011096
2025-03-19 21:30:51,0x00000001,191.36615899992648
2025-03-19 21:30:52,0x00000001,147.53466000001936
2025-03-19 21:30:53,0x00000001,112.86725900004058
2025-03-19 21:30:54,0x00000001,90.39004700002806
2025-03-19 21:30:55,0x00000001,80.280220999839
2025-03-19 21:30:56,0x00000001,83.55311200011784
2025-03-19 21:30:57,0x00000001,99.33342299996184
2025-03-19 21:30:58,0x00000001,127.88640300004772
2025-03-19 21:30:59,0x00000001,166.99310099988907
2025-03-19 21:31:00,0x00000001,215.56943099994896
2025-03-19 21:31:01,0x00000001,271.48449800006347
2025-03-19 21:31:02,0x00000001,332.0487859998593
2025-03-19 21:31:03,0x00000001,394.6687010000005
2025-03-19 21:31:05,0x00000001,456.2481839998327
2025-03-19 21:31:06,0x00000001,515.0012349999997
2025-03-19 21:31:07,0x00000001,567.4228779998884
2025-03-19 21:31:08,0x00000001,611.7124269999294
2025-03-19 21:31:09,0x00000001,646.1340769999424
2025-03-19 21:31:10,0x00000001,668.4754860000339
2025-03-19 21:31:11,0x00000001,678.2362750000175
2025-03-19 21:31:12,0x00000001,675.2960919998259
2025-03-19 21:31:13,0x00000001,659.2430870000499
2025-03-19 21:31:13,0x00000001,630.6953569999223
2025-03-19 21:31:14,0x00000001,592.1021230001315
2025-03-19 21:31:15,0x00000001,543.0321470000763
2025-03-19 21:31:17,0x00000001,487.556412999993
2025-03-19 21:31:18,0x00000001,426.9883580000169
2025-03-19 21:31:19,0x00000001,364.20773099985126
2025-03-19 21:31:19,0x00000001,302.5144159998945
2025-03-19 21:31:20,0x00000001,243.91160799996214
2025-03-19 21:31:21,0x00000001,191.181916000005
2025-03-19 21:31:22,0x00000001,146.77824199998213
2025-03-19 21:31:23,0x00000001,112.58311699998558
2025-03-19 21:31:24,0x00000001,90.2066929998
2025-03-19 21:31:25,0x00000001,80.20440999985112
2025-03-19 21:31:26,0x00000001,83.24759800007087
2025-03-19 21:31:27,0x00000001,99.59652600014124
2025-03-19 21:31:28,0x00000001,127.65713299995696
2025-03-19 21:31:29,0x00000001,166.90597800015894
2025-03-19 21:31:30,0x00000001,215.73618499996883
2025-03-19 21:31:31,0x00000001,271.4500649999536
2025-03-19 21:31:32,0x00000001,331.9580479999331
2025-03-19 21:31:33,0x00000001,394.4457549998788
2025-03-19 21:31:34,0x00000001,456.98920599988924
2025-03-19 21:31:35,0x00000001,514.6288279997862
2025-03-19 21:31:37,0x00000001,567.2725399999763
2025-03-19 21:31:38,0x00000001,611.5129169997999
2025-03-19 21:31:39,0x00000001,645.8520910000516
2025-03-19 21:31:40,0x00000001,668.3739380000588
2025-03-19 21:31:41,0x00000001,678.3617239998421
2025-03-19 21:31:42,0x00000001,675.2449870000419
2025-03-19 21:31:43,0x00000001,659.1859440000007
2025-03-19 21:31:44,0x00000001,630.7062710000082
2025-03-19 21:31:45,0x00000001,591.4223610000136
2025-03-19 21:31:46,0x00000001,542.832614999952
2025-03-19 21:31:46,0x00000001,487.1515960001034
2025-03-19 21:31:47,0x00000001,426.6637709999941
2025-03-19 21:31:48,0x00000001,364.17644499988455
2025-03-19 21:31:49,0x00000001,302.27572000012515
2025-03-19 21:31:50,0x00000001,243.84169700010716
2025-03-19 21:31:51,0x00000001,191.15838200013968
2025-03-19 21:31:52,0x00000001,112.62809200002266
2025-03-19 21:31:53,0x00000001,90.05784400005723
2025-03-19 21:31:54,0x00000001,80.17940299987458
2025-03-19 21:31:55,0x00000001,80.06345599983433
2025-03-19 21:31:56,0x00000001,83.22953399988364
2025-03-19 21:31:57,0x00000001,99.3203089999497
2025-03-19 21:31:58,0x00000001,127.77500500010319
2025-03-19 21:31:59,0x00000001,167.00514500007557
2025-03-19 21:32:00,0x00000001,215.5900309999197
2025-03-19 21:32:01,0x00000001,271.5643100000307
2025-03-19 21:32:02,0x00000001,331.9594330000655
2025-03-19 21:32:03,0x00000001,394.3530120000105
2025-03-19 21:32:04,0x00000001,456.3020890000189
2025-03-19 21:32:05,0x00000001,514.9430009998923
2025-03-19 21:32:06,0x00000001,567.3955720001231
2025-03-19 21:32:07,0x00000001,612.0120759999281
2025-03-19 21:32:08,0x00000001,645.8986019999884
2025-03-19 21:32:09,0x00000001,668.4043190000466
2025-03-19 21:32:10,0x00000001,678.4438910001427
2025-03-19 21:32:12,0x00000001,675.2053060001799
2025-03-19 21:32:13,0x00000001,659.1861880001488
2025-03-19 21:32:14,0x00000001,630.8137860000897
2025-03-19 21:32:15,0x00000001,591.3465810001526
2025-03-19 21:32:16,0x00000001,542.9889110000659
2025-03-19 21:32:17,0x00000001,487.30869399992116
2025-03-19 21:32:18,0x00000001,426.78580200004035
2025-03-19 21:32:18,0x00000001,364.34409100002085
2025-03-19 21:32:19,0x00000001,302.2960890000377
2025-03-19 21:32:20,0x00000001,247.5837770000453
2025-03-19 21:32:21,0x00000001,191.2792680000166
2025-03-19 21:32:22,0x00000001,146.7597979999482
2025-03-19 21:32:23,0x00000001,112.56839100019533
2025-03-19 21:32:24,0x00000001,90.07025799996882
2025-03-19 21:32:25,0x00000001,80.15679200002523
2025-03-19 21:32:26,0x00000001,83.4173279999959
2025-03-19 21:32:27,0x00000001,99.48962799990113
2025-03-19 21:32:28,0x00000001,127.95143600010306
2025-03-19 21:32:29,0x00000001,168.68365400000584
2025-03-19 21:32:30,0x00000001,215.71578899988708
2025-03-19 21:32:31,0x00000001,271.32882099999733
2025-03-19 21:32:32,0x00000001,332.45478200001344
2025-03-19 21:32:34,0x00000001,394.45801099986966
2025-03-19 21:32:35,0x00000001,456.4598169999954
2025-03-19 21:32:36,0x00000001,514.8398080000334
2025-03-19 21:32:37,0x00000001,568.8948480001272
2025-03-19 21:32:38,0x00000001,611.5985320000163
2025-03-19 21:32:39,0x00000001,646.0860360000424
2025-03-19 21:32:40,0x00000001,668.3310049997999
2025-03-19 21:32:41,0x00000001,678.4586420001233
2025-03-19 21:32:42,0x00000001,675.4576729999826
2025-03-19 21:32:43,0x00000001,659.3451199998981
2025-03-19 21:32:44,0x00000001,630.8279659999698
2025-03-19 21:32:44,0x00000001,591.6225820001273
2025-03-19 21:32:45,0x00000001,542.8211680000459
2025-03-19 21:32:46,0x00000001,487.1545260000403
2025-03-19 21:32:47,0x00000001,426.64050100006534
2025-03-19 21:32:48,0x00000001,364.22130200003267
2025-03-19 21:32:49,0x00000001,302.2765650000565
2025-03-19 21:32:50,0x00000001,243.79698500001723
2025-03-19 21:32:51,0x00000001,191.31800300010582
2025-03-19 21:32:52,0x00000001,146.81362000010267
2025-03-19 21:32:53,0x00000001,112.66273799992632
2025-03-19 21:32:54,0x00000001,90.07396400011203
2025-03-19 21:32:55,0x00000001,80.24942599990936
2025-03-19 21:32:56,0x00000001,83.32037600007425
2025-03-19 21:32:57,0x00000001,99.92721799994797
2025-03-19 21:32:58,0x00000001,128.0744279999908
2025-03-19 21:32:59,0x00000001,166.9783259999349
2025-03-19 21:33:00,0x00000001,215.69477000002735
2025-03-19 21:33:01,0x00000001,271.63467500008665
2025-03-19 21:33:02,0x00000001,331.87378500019804
2025-03-19 21:33:03,0x00000001,394.2788469998959
2025-03-19 21:33:04,0x00000001,456.1449780001112
2025-03-19 21:33:05,0x00000001,514.7038949999114
2025-03-19 21:33:06,0x00000001,567.8512720000981
2025-03-19 21:33:08,0x00000001,611.7883719998645
2025-03-19 21:33:09,0x00000001,645.8827769999971
2025-03-19 21:33:10,0x00000001,668.5270049999872
2025-03-19 21:33:11,0x00000001,678.3084830001371
2025-03-19 21:33:12,0x00000001,675.3405860001749
2025-03-19 21:33:13,0x00000001,658.9384390001669
2025-03-19 21:33:14,0x00000001,630.8047329998772
2025-03-19 21:33:15,0x00000001,591.3695799999914
2025-03-19 21:33:16,0x00000001,542.8133059999709
2025-03-19 21:33:17,0x00000001,487.1699259997513
2025-03-19 21:33:17,0x00000001,426.6851669999596
2025-03-19 21:33:18,0x00000001,364.1680730002008
2025-03-19 21:33:19,0x00000001,243.96847800016985
2025-03-19 21:33:20,0x00000001,191.77760599995963
2025-03-19 21:33:21,0x00000001,146.99137400020845
2025-03-19 21:33:22,0x00000001,146.95171999983359
2025-03-19 21:33:23,0x00000001,112.5135790002787
2025-03-19 21:33:24,0x00000001,90.19337900008395
2025-03-19 21:33:25,0x00000001,80.13034200030233
2025-03-19 21:33:26,0x00000001,83.87125999979617
2025-03-19 21:33:27,0x00000001,99.28636699987692
2025-03-19 21:33:28,0x00000001,127.87576600021566
2025-03-19 21:33:29,0x00000001,166.9989449997047
2025-03-19 21:33:30,0x00000001,216.21264299983523
2025-03-19 21:33:31,0x00000001,271.65198100010457
2025-03-19 21:33:32,0x00000001,331.9900029996461
2025-03-19 21:33:34,0x00000001,394.55103799991775
2025-03-19 21:33:35,0x00000001,456.21364899989203
2025-03-19 21:33:36,0x00000001,514.7991380003987
2025-03-19 21:33:37,0x00000001,568.2633479996184
2025-03-19 21:33:38,0x00000001,612.0149890002722
2025-03-19 21:33:39,0x00000001,645.9235970000918
2025-03-19 21:33:40,0x00000001,668.6018680002235
2025-03-19 21:33:41,0x00000001,678.2849319997695
2025-03-19 21:33:42,0x00000001,675.952746999883
2025-03-19 21:33:43,0x00000001,658.9796690000185
2025-03-19 21:33:44,0x00000001,630.9548190001806
2025-03-19 21:33:44,0x00000001,591.2568900002952
2025-03-19 21:33:45,0x00000001,542.8522009997323
2025-03-19 21:33:46,0x00000001,487.0692199997393
2025-03-19 21:33:47,0x00000001,426.6414359999544
2025-03-19 21:33:48,0x00000001,364.5093459999771
2025-03-19 21:33:49,0x00000001,302.38978899978974
2025-03-19 21:33:50,0x00000001,243.66843699999663
2025-03-19 21:33:51,0x00000001,191.3080560002527
2025-03-19 21:33:52,0x00000001,147.07732699980625
2025-03-19 21:33:53,0x00000001,112.77069100015069
2025-03-19 21:33:54,0x00000001,90.24417499995252
2025-03-19 21:33:55,0x00000001,110.5470399998012
2025-03-19 21:33:56,0x00000001,83.52314700005081
2025-03-19 21:33:57,0x00000001,99.39320700004828
2025-03-19 21:33:58,0x00000001,127.7774820000559
2025-03-19 21:33:59,0x00000001,167.74116800024785
2025-03-19 21:34:00,0x00000001,215.80564099986077
2025-03-19 21:34:01,0x00000001,271.59472199991797
2025-03-19 21:34:02,0x00000001,331.76103599998896
2025-03-19 21:34:03,0x00000001,394.93672299977334
2025-03-19 21:34:04,0x00000001,456.8171339997207
2025-03-19 21:34:05,0x00000001,514.8875340000814
2025-03-19 21:34:06,0x00000001,567.2367369998028
2025-03-19 21:34:08,0x00000001,611.7193770000995
2025-03-19 21:34:09,0x00000001,647.4690390000433
2025-03-19 21:34:10,0x00000001,669.0260679997664
2025-03-19 21:34:11,0x00000001,678.5116119999657
2025-03-19 21:34:12,0x00000001,675.2350159999878
2025-03-19 21:34:13,0x00000001,659.1779729997143
2025-03-19 21:34:14,0x00000001,631.0775389997616
2025-03-19 21:34:15,0x00000001,592.4126919999253
2025-03-19 21:34:16,0x00000001,543.0189260000589
2025-03-19 21:34:17,0x00000001,487.9924840001877
2025-03-19 21:34:17,0x00000001,427.64347699994687
2025-03-19 21:34:18,0x00000001,364.1880449999917
2025-03-19 21:34:19,0x00000001,302.9461440000887
2025-03-19 21:34:20,0x00000001,245.63849200012555
2025-03-19 21:34:21,0x00000001,191.18131899995205
2025-03-19 21:34:22,0x00000001,148.15128999998706
2025-03-19 21:34:23,0x00000001,113.17043200006083
2025-03-19 21:34:24,0x00000001,90.56023800030744
2025-03-19 21:34:25,0x00000001,80.63041200011867
2025-03-19 21:34:26,0x00000001,84.27124099989669
2025-03-19 21:34:27,0x00000001,99.6519220002483
2025-03-19 21:34:28,0x00000001,128.24633199988966
2025-03-19 21:34:29,0x00000001,167.8526270002294
2025-03-19 21:34:30,0x00000001,216.22448600010102
2025-03-19 21:34:31,0x00000001,272.42231599984734
2025-03-19 21:34:33,0x00000001,332.9956810002841
2025-03-19 21:34:34,0x00000001,394.6901340000295
2025-03-19 21:34:35,0x00000001,456.2536070002352
2025-03-19 21:34:36,0x00000001,514.5800189998226
2025-03-19 21:34:37,0x00000001,567.4473710000711
2025-03-19 21:34:38,0x00000001,611.7402580002818
2025-03-19 21:34:39,0x00000001,645.990336000068
2025-03-19 21:34:40,0x00000001,669.1274290001274
2025-03-19 21:34:41,0x00000001,678.8296790000459
2025-03-19 21:34:42,0x00000001,675.227613000061
2025-03-19 21:34:43,0x00000001,659.4192580000708
2025-03-19 21:34:44,0x00000001,630.9357959999033
2025-03-19 21:34:44,0x00000001,591.5776980000373
2025-03-19 21:34:45,0x00000001,543.1715739996434
2025-03-19 21:34:46,0x00000001,487.6647299997785
2025-03-19 21:34:48,0x00000001,364.32313999966937
2025-03-19 21:34:49,0x00000001,302.60129700036487
2025-03-19 21:34:49,0x00000001,243.9716359999693
2025-03-19 21:34:50,0x00000001,191.65289399961694
2025-03-19 21:34:51,0x00000001,147.89871800030596
2025-03-19 21:34:52,0x00000001,113.46453399983147
2025-03-19 21:34:53,0x00000001,90.33829200006949
2025-03-19 21:34:54,0x00000001,80.48956699985865
2025-03-19 21:34:55,0x00000001,84.02875599995241
2025-03-19 21:34:56,0x00000001,99.55902899991997
2025-03-19 21:34:57,0x00000001,127.96089599987681
2025-03-19 21:34:58,0x00000001,128.11478499997975
2025-03-19 21:34:59,0x00000001,167.0698910002102
2025-03-19 21:35:00,0x00000001,215.76857199988808
2025-03-19 21:35:01,0x00000001,272.20356599991646
2025-03-19 21:35:02,0x00000001,332.2115730002224
2025-03-19 21:35:03,0x00000001,394.52989300025365
2025-03-19 21:35:05,0x00000001,456.26634199970795
2025-03-19 21:35:06,0x00000001,516.018909000195
2025-03-19 21:35:07,0x00000001,567.5721880002129
2025-03-19 21:35:08,0x00000001,612.5484069998492
2025-03-19 21:35:09,0x00000001,646.065851000003
2025-03-19 21:35:10,0x00000001,668.4624239996992
2025-03-19 21:35:11,0x00000001,678.590733999954
2025-03-19 21:35:12,0x00000001,675.4640780000045
2025-03-19 21:35:13,0x00000001,659.6851879999122
2025-03-19 21:35:14,0x00000001,630.8588360002432
2025-03-19 21:35:15,0x00000001,591.7842950002523
2025-03-19 21:35:16,0x00000001,543.393812999966
2025-03-19 21:35:16,0x00000001,487.7301649999026
2025-03-19 21:35:17,0x00000001,428.2691540001906
2025-03-19 21:35:18,0x00000001,364.2984130001423
2025-03-19 21:35:19,0x00000001,302.62717699997665
2025-03-19 21:35:20,0x00000001,244.0509259999999
2025-03-19 21:35:22,0x00000001,191.635222000059
2025-03-19 21:35:22,0x00000001,146.98655599977428
2025-03-19 21:35:23,0x00000001,112.75198800012731
2025-03-19 21:35:24,0x00000001,90.34595699995407
2025-03-19 21:35:25,0x00000001,80.44049599993741
2025-03-19 21:35:26,0x00000001,83.46716300002299
2025-03-19 21:35:27,0x00000001,99.63934899997184
2025-03-19 21:35:28,0x00000001,128.2076610000331
2025-03-19 21:35:29,0x00000001,167.4549429999388
2025-03-19 21:35:30,0x00000001,215.94667699991987
2025-03-19 21:35:31,0x00000001,271.9880330000706
2025-03-19 21:35:32,0x00000001,333.09825800006365
2025-03-19 21:35:33,0x00000001,395.7189349998771
2025-03-19 21:35:34,0x00000001,456.6469470000811
2025-03-19 21:35:36,0x00000001,515.5238739998822
2025-03-19 21:35:37,0x00000001,567.4869700001182
2025-03-19 21:35:38,0x00000001,611.8244310000591
2025-03-19 21:35:39,0x00000001,646.3209710000228
2025-03-19 21:35:40,0x00000001,668.8792370000556
2025-03-19 21:35:41,0x00000001,678.4232699997119
2025-03-19 21:35:42,0x00000001,675.8557150001252
2025-03-19 21:35:43,0x00000001,659.6093490002204
2025-03-19 21:35:44,0x00000001,630.9233470001345
2025-03-19 21:35:45,0x00000001,591.5973370001666
2025-03-19 21:35:46,0x00000001,543.1492949996937
2025-03-19 21:35:47,0x00000001,488.1358359998558
2025-03-19 21:35:48,0x00000001,427.42113399981463
2025-03-19 21:35:49,0x00000001,364.36414899981173
2025-03-19 21:35:50,0x00000001,302.6363260000835
2025-03-19 21:35:50,0x00000001,244.1719040002681
2025-03-19 21:35:51,0x00000001,191.49026100012634
2025-03-19 21:35:52,0x00000001,147.0382630000131
2025-03-19 21:35:53,0x00000001,113.65564399966388
2025-03-19 21:35:54,0x00000001,90.74338200025522
2025-03-19 21:35:55,0x00000001,80.39351799970973
2025-03-19 21:35:56,0x00000001,83.50675800011231
2025-03-19 21:35:57,0x00000001,99.92249199967773
2025-03-19 21:35:58,0x00000001,128.73766400025488
2025-03-19 21:35:59,0x00000001,167.86737700022059
2025-03-19 21:36:00,0x00000001,216.38078300020425
2025-03-19 21:36:01,0x00000001,272.27344799985076
2025-03-19 21:36:03,0x00000001,332.24137100023654
2025-03-19 21:36:04,0x00000001,394.4676590003837
2025-03-19 21:36:05,0x00000001,456.9507189999058
2025-03-19 21:36:06,0x00000001,515.0394770003004
2025-03-19 21:36:07,0x00000001,567.5028910000037
2025-03-19 21:36:08,0x00000001,612.1568660000776
2025-03-19 21:36:09,0x00000001,646.1895659999755
2025-03-19 21:36:10,0x00000001,669.0452610000648
2025-03-19 21:36:11,0x00000001,678.3413889997973
2025-03-19 21:36:12,0x00000001,675.2427970000099
2025-03-19 21:36:13,0x00000001,659.5735030000469
2025-03-19 21:36:14,0x00000001,630.9340299999349
2025-03-19 21:36:15,0x00000001,591.6869869997754
2025-03-19 21:36:16,0x00000001,543.4364950001509
2025-03-19 21:36:16,0x00000001,487.3179049995997
2025-03-19 21:36:17,0x00000001,364.827767999941
2025-03-19 21:36:18,0x00000001,302.7830810001433
2025-03-19 21:36:19,0x00000001,244.8910039997827
2025-03-19 21:36:20,0x00000001,191.32859699993787
2025-03-19 21:36:22,0x00000001,148.21546399980434
2025-03-19 21:36:22,0x00000001,113.10614299964072
2025-03-19 21:36:23,0x00000001,90.67807099972924
2025-03-19 21:36:24,0x00000001,80.48284599999533
2025-03-19 21:36:25,0x00000001,83.43057499996576
2025-03-19 21:36:26,0x00000001,100.39686099980827
2025-03-19 21:36:27,0x00000001,127.78132099992945
2025-03-19 21:36:28,0x00000001,167.09098000001177
2025-03-19 21:36:29,0x00000001,215.93246000020372
2025-03-19 21:36:30,0x00000001,271.59660000006625
2025-03-19 21:36:31,0x00000001,332.7032689999214
2025-03-19 21:36:32,0x00000001,396.10815800006094
2025-03-19 21:36:33,0x00000001,456.37659299973166
2025-03-19 21:36:35,0x00000001,514.7620759998972
2025-03-19 21:36:36,0x00000001,567.5557919998937
2025-03-19 21:36:37,0x00000001,611.6386650001004
2025-03-19 21:36:38,0x00000001,612.3299809996752
2025-03-19 21:36:39,0x00000001,646.2768219998907
2025-03-19 21:36:40,0x00000001,668.6807890000637
2025-03-19 21:36:41,0x00000001,678.3897220002473
2025-03-19 21:36:42,0x00000001,675.4406700001709
2025-03-19 21:36:43,0x00000001,659.1968289999386
2025-03-19 21:36:44,0x00000001,630.9131920002073
2025-03-19 21:36:45,0x00000001,592.8874010000982
2025-03-19 21:36:46,0x00000001,543.3902810000291
2025-03-19 21:36:47,0x00000001,487.6621419998628
2025-03-19 21:36:48,0x00000001,427.3894680000012
2025-03-19 21:36:49,0x00000001,364.5925190003254
2025-03-19 21:36:49,0x00000001,302.61350399996445
2025-03-19 21:36:50,0x00000001,244.1427109997676
2025-03-19 21:36:51,0x00000001,191.89974000028087
2025-03-19 21:36:52,0x00000001,147.07033400009095
2025-03-19 21:36:53,0x00000001,112.98930399971141
2025-03-19 21:36:54,0x00000001,90.44539400019858
2025-03-19 21:36:55,0x00000001,80.8488220000072
2025-03-19 21:36:56,0x00000001,83.55284400022356
2025-03-19 21:36:58,0x00000001,99.63451200019335
2025-03-19 21:36:59,0x00000001,127.7959680001004
2025-03-19 21:37:00,0x00000001,167.5622050001948
2025-03-19 21:37:01,0x00000001,216.25433500003055
2025-03-19 21:37:02,0x00000001,271.614344000227
2025-03-19 21:37:03,0x00000001,332.24825699971916
2025-03-19 21:37:04,0x00000001,396.10205700000733
2025-03-19 21:37:05,0x00000001,457.18480100003944
2025-03-19 21:37:06,0x00000001,514.8380219998216
2025-03-19 21:37:07,0x00000001,567.533209999965
2025-03-19 21:37:08,0x00000001,611.9722820003517
2025-03-19 21:37:09,0x00000001,646.4162750003197
2025-03-19 21:37:10,0x00000001,669.3026779998945
2025-03-19 21:37:11,0x00000001,678.4204509999654
2025-03-19 21:37:12,0x00000001,676.5896459996839
2025-03-19 21:37:13,0x00000001,660.3701810004168
2025-03-19 21:37:14,0x00000001,630.9404839998933
2025-03-19 21:37:15,0x00000001,591.872236999734
2025-03-19 21:37:16,0x00000001,543.1063689998155
2025-03-19 21:37:17,0x00000001,487.825549000263
2025-03-19 21:37:18,0x00000001,426.7100450001635
2025-03-19 21:37:19,0x00000001,364.6353789999921
2025-03-19 21:37:20,0x00000001,302.53401599975405
2025-03-19 21:37:21,0x00000001,244.22719799986226
2025-03-19 21:37:21,0x00000001,191.2234719998196
2025-03-19 21:37:22,0x00000001,147.52790400007143
2025-03-19 21:37:23,0x00000001,113.00397199966028
2025-03-19 21:37:24,0x00000001,90.19716900002095
2025-03-19 21:37:25,0x00000001,80.82606999960262
2025-03-19 21:37:26,0x00000001,83.55416700032947
2025-03-19 21:37:27,0x00000001,99.48506000000634
2025-03-19 21:37:28,0x00000001,127.78731300022628
2025-03-19 21:37:29,0x00000001,167.06626499990307
2025-03-19 21:37:30,0x00000001,215.9356669999397
2025-03-19 21:37:32,0x00000001,272.4495009997554
2025-03-19 21:37:33,0x00000001,331.9576109997797
2025-03-19 21:37:34,0x00000001,396.3528790000055
2025-03-19 21:37:35,0x00000001,456.2313230003383
2025-03-19 21:37:36,0x00000001,514.6079219998683
2025-03-19 21:37:37,0x00000001,567.4707549997038
2025-03-19 21:37:38,0x00000001,612.428820000332
2025-03-19 21:37:39,0x00000001,645.9714830002667
2025-03-19 21:37:40,0x00000001,668.5593249999329
2025-03-19 21:37:41,0x00000001,678.6747700002707
2025-03-19 21:37:42,0x00000001,675.1664080002229
2025-03-19 21:37:43,0x00000001,659.1719349999039
2025-03-19 21:37:44,0x00000001,630.9645509995789
2025-03-19 21:37:45,0x00000001,591.4132590000918
2025-03-19 21:37:46,0x00000001,543.2968079999227
2025-03-19 21:37:46,0x00000001,427.2223660000236
2025-03-19 21:37:47,0x00000001,364.34697899994717
2025-03-19 21:37:49,0x00000001,302.5849529999505
2025-03-19 21:37:50,0x00000001,244.56827100038936
2025-03-19 21:37:51,0x00000001,191.72355999990032
2025-03-19 21:37:52,0x00000001,148.34157099994627
2025-03-19 21:37:53,0x00000001,112.62627299993255
2025-03-19 21:37:53,0x00000001,92.37492400006886
2025-03-19 21:37:54,0x00000001,81.40950500001054
2025-03-19 21:37:55,0x00000001,83.73313199990662
2025-03-19 21:37:56,0x00000001,99.45303099993907
2025-03-19 21:37:57,0x00000001,128.70219000024008
2025-03-19 21:37:58,0x00000001,168.2627299996966
2025-03-19 21:37:59,0x00000001,215.86416499985717
2025-03-19 21:38:00,0x00000001,271.4504880000277
2025-03-19 21:38:01,0x00000001,332.17677399989043
2025-03-19 21:38:03,0x00000001,394.5220860000518
2025-03-19 21:38:04,0x00000001,456.20206900002813
2025-03-19 21:38:05,0x00000001,514.7822779999842
2025-03-19 21:38:06,0x00000001,567.2802590001993
2025-03-19 21:38:07,0x00000001,611.963507999917
2025-03-19 21:38:08,0x00000001,645.7597970002098
2025-03-19 21:38:09,0x00000001,668.615291000151
2025-03-19 21:38:10,0x00000001,678.1201110002257
2025-03-19 21:38:11,0x00000001,675.552002999666
2025-03-19 21:38:12,0x00000001,658.9458729999933
2025-03-19 21:38:13,0x00000001,631.2956729998405
2025-03-19 21:38:14,0x00000001,592.5809800000934
2025-03-19 21:38:15,0x00000001,542.8245130001415
2025-03-19 21:38:16,0x00000001,488.35624699995606
2025-03-19 21:38:17,0x00000001,488.0872220001038
2025-03-19 21:38:18,0x00000001,426.6485919997649
2025-03-19 21:38:19,0x00000001,364.6132609997039
2025-03-19 21:38:20,0x00000001,302.3200259999612
2025-03-19 21:38:20,0x00000001,244.2594009999084
2025-03-19 21:38:21,0x00000001,191.48393000023134
2025-03-19 21:38:22,0x00000001,147.4014180002996
2025-03-19 21:38:23,0x00000001,112.81765199964866
2025-03-19 21:38:24,0x00000001,90.15813499991054
2025-03-19 21:38:25,0x00000001,80.75612899983753
2025-03-19 21:38:26,0x00000001,83.95132299983743
2025-03-19 21:38:28,0x00000001,99.24337899974489
2025-03-19 21:38:29,0x00000001,127.87770399972942
2025-03-19 21:38:30,0x00000001,167.54786000001332
2025-03-19 21:38:31,0x00000001,215.7667019996552
2025-03-19 21:38:32,0x00000001,271.7046859997936
2025-03-19 21:38:33,0x00000001,331.913029000134
2025-03-19 21:38:34,0x00000001,394.5736330001637
2025-03-19 21:38:35,0x00000001,457.4165700000776
2025-03-19 21:38:36,0x00000001,515.4506040003071
2025-03-19 21:38:37,0x00000001,567.5083470000573
2025-03-19 21:38:38,0x00000001,611.7500599998493
2025-03-19 21:38:39,0x00000001,646.4140960001714
2025-03-19 21:38:40,0x00000001,668.432047999886
2025-03-19 21:38:41,0x00000001,680.3143690003708
2025-03-19 21:38:42,0x00000001,675.3923060000488
2025-03-19 21:38:43,0x00000001,659.2987859999084
2025-03-19 21:38:44,0x00000001,631.0759030002373
2025-03-19 21:38:45,0x00000001,592.5263690000975
2025-03-19 21:38:46,0x00000001,542.9202739996981
2025-03-19 21:38:47,0x00000001,487.21910599988405
2025-03-19 21:38:48,0x00000001,427.4926950001827
2025-03-19 21:38:49,0x00000001,364.49696299996504
2025-03-19 21:38:50,0x00000001,302.45683300017845
2025-03-19 21:38:51,0x00000001,244.0209850001338
2025-03-19 21:38:52,0x00000001,191.4817659999244
2025-03-19 21:38:53,0x00000001,147.0959349999248
2025-03-19 21:38:54,0x00000001,112.86069399966436
2025-03-19 21:38:55,0x00000001,90.23369800024739
2025-03-19 21:38:56,0x00000001,80.03991499981566
2025-03-19 21:38:56,0x00000001,83.4203270001126
2025-03-19 21:38:57,0x00000001,100.43199900019317
2025-03-19 21:38:58,0x00000001,128.16752700018696
2025-03-19 21:39:00,0x00000001,167.4684210001942
2025-03-19 21:39:01,0x00000001,215.60576100000617
2025-03-19 21:39:02,0x00000001,271.55871300010404
2025-03-19 21:39:03,0x00000001,332.22122899996975
2025-03-19 21:39:04,0x00000001,394.403345000228
2025-03-19 21:39:05,0x00000001,456.46916299983786
2025-03-19 21:39:06,0x00000001,515.628167000159
2025-03-19 21:39:07,0x00000001,567.778614999952
2025-03-19 21:39:08,0x00000001,613.203809999959
2025-03-19 21:39:09,0x00000001,646.397775999958
2025-03-19 21:39:10,0x00000001,668.7381239999013
2025-03-19 21:39:11,0x00000001,679.0619899998092
2025-03-19 21:39:12,0x00000001,675.5323379998117
2025-03-19 21:39:13,0x00000001,660.2367770001365
2025-03-19 21:39:14,0x00000001,631.2624339998365
2025-03-19 21:39:15,0x00000001,592.3364130003392
2025-03-19 21:39:16,0x00000001,543.139968000105
2025-03-19 21:39:17,0x00000001,426.83977100023185
2025-03-19 21:39:18,0x00000001,364.3021579996457
2025-03-19 21:39:19,0x00000001,302.7990239997962
2025-03-19 21:39:20,0x00000001,244.01590599973133
2025-03-19 21:39:20,0x00000001,191.23459399997955
2025-03-19 21:39:21,0x00000001,147.34982100026173
2025-03-19 21:39:22,0x00000001,113.28230500021164
2025-03-19 21:39:23,0x00000001,90.87066199981564
2025-03-19 21:39:24,0x00000001,80.22783900014474
2025-03-19 21:39:25,0x00000001,83.35128699991401
2025-03-19 21:39:27,0x00000001,99.64482200030034
2025-03-19 21:39:28,0x00000001,129.18634799962092
2025-03-19 21:39:29,0x00000001,167.70974400014893
2025-03-19 21:39:30,0x00000001,216.32078299990098
2025-03-19 21:39:31,0x00000001,271.561980000115
2025-03-19 21:39:32,0x00000001,332.0833500001754
2025-03-19 21:39:33,0x00000001,395.29404599988993
2025-03-19 21:39:34,0x00000001,456.18061299956025
2025-03-19 21:39:35,0x00000001,515.7691429999431
2025-03-19 21:39:36,0x00000001,570.3915489998508
2025-03-19 21:39:37,0x00000001,612.7446870000313
2025-03-19 21:39:38,0x00000001,645.9704250000868
2025-03-19 21:39:39,0x00000001,668.6945450001076
2025-03-19 21:39:40,0x00000001,678.2843940000021
2025-03-19 21:39:41,0x00000001,675.2264859997013
2025-03-19 21:39:42,0x00000001,659.1464829998586
2025-03-19 21:39:43,0x00000001,631.7204550000497
2025-03-19 21:39:44,0x00000001,591.5945040001134
2025-03-19 21:39:45,0x00000001,543.1111339999006
2025-03-19 21:39:46,0x00000001,487.7535400000852
2025-03-19 21:39:47,0x00000001,426.9560000002457
2025-03-19 21:39:48,0x00000001,363.9245600002141
2025-03-19 21:39:49,0x00000001,302.2231559998545
2025-03-19 21:39:50,0x00000001,243.87509200005297
2025-03-19 21:39:50,0x00000001,191.46853299980648
2025-03-19 21:39:51,0x00000001,147.09465300029478
2025-03-19 21:39:52,0x00000001,112.93779900006484
2025-03-19 21:39:53,0x00000001,90.22464099962235
2025-03-19 21:39:54,0x00000001,80.2915879999091
2025-03-19 21:39:55,0x00000001,80.6545600003119
2025-03-19 21:39:56,0x00000001,84.01391999996122
2025-03-19 21:39:58,0x00000001,99.64397100020506
2025-03-19 21:39:59,0x00000001,130.4977790000521
2025-03-19 21:40:00,0x00000001,167.1553739997762
2025-03-19 21:40:01,0x00000001,216.2954450000143
2025-03-19 21:40:02,0x00000001,271.4320059999409
2025-03-19 21:40:03,0x00000001,331.7752430002656
2025-03-19 21:40:04,0x00000001,394.49832299987975
2025-03-19 21:40:05,0x00000001,456.41167600024346
2025-03-19 21:40:06,0x00000001,514.8218079998514
2025-03-19 21:40:07,0x00000001,567.1721409999009
2025-03-19 21:40:08,0x00000001,612.3077100000955
2025-03-19 21:40:09,0x00000001,646.10374699987
2025-03-19 21:40:10,0x00000001,668.4227159998954
2025-03-19 21:40:11,0x00000001,678.9316499998677
2025-03-19 21:40:12,0x00000001,675.3094140003668
2025-03-19 21:40:13,0x00000001,659.9545489998491
2025-03-19 21:40:14,0x00000001,632.0433109999612
2025-03-19 21:40:15,0x00000001,592.4933010001041
2025-03-19 21:40:16,0x00000001,543.1146219998482
2025-03-19 21:40:17,0x00000001,488.25719599972217
2025-03-19 21:40:18,0x00000001,427.1708440001021
2025-03-19 21:40:19,0x00000001,364.451039999949
2025-03-19 21:40:20,0x00000001,302.4998860000778
2025-03-19 21:40:21,0x00000001,244.7293040004297
2025-03-19 21:40:22,0x00000001,191.31925300007424
2025-03-19 21:40:23,0x00000001,148.56214500014175
2025-03-19 21:40:24,0x00000001,113.08642799986046
2025-03-19 21:40:25,0x00000001,90.55212600014784
2025-03-19 21:40:26,0x00000001,81.75617500000953
2025-03-19 21:40:26,0x00000001,84.62455700009741
2025-03-19 21:40:27,0x00000001,100.1102750001337
2025-03-19 21:40:28,0x00000001,128.0971259998296
2025-03-19 21:40:30,0x00000001,167.3813889997291
2025-03-19 21:40:31,0x00000001,216.01246499994886
2025-03-19 21:40:32,0x00000001,272.5142060003236
2025-03-19 21:40:33,0x00000001,332.1641930001533
2025-03-19 21:40:34,0x00000001,394.21337000021595
2025-03-19 21:40:35,0x00000001,456.495693999841
2025-03-19 21:40:36,0x00000001,514.9073190000308
2025-03-19 21:40:37,0x00000001,567.8641290000996
2025-03-19 21:40:38,0x00000001,612.1251780000421
2025-03-19 21:40:39,0x00000001,646.3448009999411
2025-03-19 21:40:40,0x00000001,669.4089359998543
2025-03-19 21:40:41,0x00000001,679.3353870002647
2025-03-19 21:40:42,0x00000001,675.9990129999096
2025-03-19 21:40:43,0x00000001,659.5433100001173
2025-03-19 21:40:44,0x00000001,632.800085999861
2025-03-19 21:40:45,0x00000001,591.8194000000767
2025-03-19 21:40:46,0x00000001,487.27285199993275
2025-03-19 21:40:47,0x00000001,427.2200079999493
2025-03-19 21:40:48,0x00000001,364.63752000008753
2025-03-19 21:40:49,0x00000001,302.18332200001896
2025-03-19 21:40:50,0x00000001,244.26086300036332
2025-03-19 21:40:50,0x00000001,192.38848099985262
2025-03-19 21:40:51,0x00000001,147.19101599985152
2025-03-19 21:40:52,0x00000001,112.6774489998752
2025-03-19 21:40:53,0x00000001,91.05318399997486
2025-03-19 21:40:55,0x00000001,81.30976099982945
2025-03-19 21:40:56,0x00000001,84.0236899998672
2025-03-19 21:40:57,0x00000001,100.14226100020096
2025-03-19 21:40:58,0x00000001,128.30224199979057
2025-03-19 21:40:59,0x00000001,167.20518300007825
2025-03-19 21:41:00,0x00000001,216.03277500025797
2025-03-19 21:41:01,0x00000001,271.6380490001029
2025-03-19 21:41:02,0x00000001,333.3183980003014
2025-03-19 21:41:03,0x00000001,395.031255000049
2025-03-19 21:41:04,0x00000001,456.3716560001012
2025-03-19 21:41:05,0x00000001,514.6550529998422
2025-03-19 21:41:06,0x00000001,567.3714500003371
2025-03-19 21:41:07,0x00000001,611.9595320001281
2025-03-19 21:41:08,0x00000001,646.0421939996195
2025-03-19 21:41:09,0x00000001,668.682202999662
2025-03-19 21:41:10,0x00000001,678.3776369998122
2025-03-19 21:41:11,0x00000001,675.3606600000239
2025-03-19 21:41:12,0x00000001,659.3259679998482
2025-03-19 21:41:13,0x00000001,631.0763379997297
2025-03-19 21:41:14,0x00000001,591.7195170000014
2025-03-19 21:41:15,0x00000001,543.1765579996863
2025-03-19 21:41:16,0x00000001,487.15072599998166
2025-03-19 21:41:17,0x00000001,427.01256999998805
2025-03-19 21:41:18,0x00000001,364.32173699995474
2025-03-19 21:41:19,0x00000001,302.50511299982463
2025-03-19 21:41:20,0x00000001,244.0848190003635
2025-03-19 21:41:21,0x00000001,191.49659200002134
2025-03-19 21:41:22,0x00000001,146.901725999669
2025-03-19 21:41:23,0x00000001,112.73553000000902
2025-03-19 21:41:23,0x00000001,91.47420499994041
2025-03-19 21:41:24,0x00000001,80.39905499981614
2025-03-19 21:41:25,0x00000001,83.38008500004435
2025-03-19 21:41:26,0x00000001,100.17907199971887
2025-03-19 21:41:27,0x00000001,127.7848750000885
2025-03-19 21:41:28,0x00000001,167.7784309999879
2025-03-19 21:41:29,0x00000001,217.63684799998373
2025-03-19 21:41:31,0x00000001,215.66217400004462
2025-03-19 21:41:32,0x00000001,272.8749359998801
2025-03-19 21:41:33,0x00000001,332.27332599972215
2025-03-19 21:41:34,0x00000001,394.35985499994786
2025-03-19 21:41:35,0x00000001,457.63010700011364
2025-03-19 21:41:36,0x00000001,514.8475870000766
2025-03-19 21:41:37,0x00000001,567.619329000081
2025-03-19 21:41:38,0x00000001,612.0865959996991
2025-03-19 21:41:39,0x00000001,646.0092180000174
2025-03-19 21:41:40,0x00000001,669.056522000119
2025-03-19 21:41:41,0x00000001,678.5482240002239
2025-03-19 21:41:42,0x00000001,675.1311059997533
2025-03-19 21:41:43,0x00000001,659.5636410002044
2025-03-19 21:41:44,0x00000001,630.9705149997171
2025-03-19 21:41:45,0x00000001,591.5902789997745
2025-03-19 21:41:46,0x00000001,543.100418999984
2025-03-19 21:41:47,0x00000001,487.1240580000631
2025-03-19 21:41:48,0x00000001,427.2009429996615
2025-03-19 21:41:49,0x00000001,364.21768999980486
2025-03-19 21:41:50,0x00000001,302.663425999981
2025-03-19 21:41:50,0x00000001,243.79245599993737
2025-03-19 21:41:52,0x00000001,191.32298100021217
2025-03-19 21:41:53,0x00000001,147.05829400008952
2025-03-19 21:41:54,0x00000001,113.2976469998539
2025-03-19 21:41:55,0x00000001,90.1429220002683
2025-03-19 21:41:56,0x00000001,80.53733599990665
2025-03-19 21:41:57,0x00000001,86.95189700029005
2025-03-19 21:41:58,0x00000001,99.55665699999372
2025-03-19 21:41:59,0x00000001,127.8043140000591
2025-03-19 21:42:00,0x00000001,167.05801400030396
2025-03-19 21:42:01,0x00000001,216.32978199977515
2025-03-19 21:42:02,0x00000001,271.232842000245
2025-03-19 21:42:03,0x00000001,331.9392069997775
2025-03-19 21:42:04,0x00000001,394.4514770000751
2025-03-19 21:42:05,0x00000001,456.37980299989067
2025-03-19 21:42:06,0x00000001,515.0381759999618
2025-03-19 21:42:07,0x00000001,567.3550460001024
2025-03-19 21:42:08,0x00000001,611.9130450001649
2025-03-19 21:42:09,0x00000001,645.844734000093
2025-03-19 21:42:10,0x00000001,668.7722740002755
2025-03-19 21:42:11,0x00000001,678.4226439999657
2025-03-19 21:42:12,0x00000001,675.4522740002358
2025-03-19 21:42:13,0x00000001,659.1951749996952
2025-03-19 21:42:14,0x00000001,631.1430010000549
2025-03-19 21:42:15,0x00000001,592.0519289998083
2025-03-19 21:42:16,0x00000001,487.6155890001428
2025-03-19 21:42:17,0x00000001,427.2680600001877
2025-03-19 21:42:18,0x00000001,364.1919199999393
2025-03-19 21:42:19,0x00000001,302.4320199997419
2025-03-19 21:42:20,0x00000001,243.97337100026562
2025-03-19 21:42:21,0x00000001,191.701275000014
2025-03-19 21:42:22,0x00000001,147.09544700008337
2025-03-19 21:42:23,0x00000001,112.86376599991854
2025-03-19 21:42:23,0x00000001,90.2937450000536
2025-03-19 21:42:24,0x00000001,80.3259919998709
2025-03-19 21:42:25,0x00000001,83.40503599993099
2025-03-19 21:42:26,0x00000001,99.18913999990764
2025-03-19 21:42:27,0x00000001,127.75310000006357
2025-03-19 21:42:28,0x00000001,167.31089099994279
2025-03-19 21:42:29,0x00000001,216.30492999975104
2025-03-19 21:42:31,0x00000001,271.7496680002114
2025-03-19 21:42:32,0x00000001,331.8108530002064
2025-03-19 21:42:33,0x00000001,394.42325300024095
2025-03-19 21:42:34,0x00000001,456.2051560001237
2025-03-19 21:42:35,0x00000001,515.1138690002881
2025-03-19 21:42:36,0x00000001,567.9118610000842
2025-03-19 21:42:37,0x00000001,611.9704339998862
2025-03-19 21:42:38,0x00000001,645.8575110000311
2025-03-19 21:42:39,0x00000001,668.5501320002913
2025-03-19 21:42:40,0x00000001,678.7071019998621
2025-03-19 21:42:41,0x00000001,675.0940850001825
2025-03-19 21:42:42,0x00000001,659.5051190001868
2025-03-19 21:42:43,0x00000001,631.6417510001884
2025-03-19 21:42:44,0x00000001,592.1832760000143
2025-03-19 21:42:45,0x00000001,543.0920159997186
2025-03-19 21:42:46,0x00000001,487.6853400000982
2025-03-19 21:42:47,0x00000001,426.80323400009
2025-03-19 21:42:48,0x00000001,364.1791749996628
2025-03-19 21:42:49,0x00000001,302.53841600006126
2025-03-19 21:42:50,0x00000001,243.8168220000989
2025-03-19 21:42:51,0x00000001,191.2196349999249
2025-03-19 21:42:52,0x00000001,148.2280330001231
2025-03-19 21:42:53,0x00000001,113.15564599999561
2025-03-19 21:42:54,0x00000001,91.75423800024873
2025-03-19 21:42:55,0x00000001,80.89289600002303
2025-03-19 21:42:56,0x00000001,84.64897000021665
2025-03-19 21:42:57,0x00000001,101.00997700010339
2025-03-19 21:42:58,0x00000001,130.1440380002532
2025-03-19 21:42:59,0x00000001,167.48860999996396
2025-03-19 21:43:00,0x00000001,215.88279300021895
2025-03-19 21:43:01,0x00000001,271.3026049996188
2025-03-19 21:43:02,0x00000001,332.0653969999512
2025-03-19 21:43:03,0x00000001,396.26646799979426
2025-03-19 21:43:04,0x00000001,457.1122470001683
2025-03-19 21:43:05,0x00000001,514.6653980000337
2025-03-19 21:43:06,0x00000001,567.5803720000658
2025-03-19 21:43:07,0x00000001,611.5189820002342
2025-03-19 21:43:08,0x00000001,612.2040579998611
2025-03-19 21:43:09,0x00000001,646.0713060000671
2025-03-19 21:43:10,0x00000001,668.6726749999252
2025-03-19 21:43:11,0x00000001,678.7750619996586
2025-03-19 21:43:12,0x00000001,675.8600560001469
2025-03-19 21:43:13,0x00000001,659.4612909998432
2025-03-19 21:43:14,0x00000001,632.059229999868
2025-03-19 21:43:15,0x00000001,591.4770049998879
2025-03-19 21:43:16,0x00000001,543.1534330000432
2025-03-19 21:43:17,0x00000001,487.5265710002168
2025-03-19 21:43:18,0x00000001,426.7540529999678
2025-03-19 21:43:19,0x00000001,364.2595540000002
2025-03-19 21:43:20,0x00000001,302.5974740003221
2025-03-19 21:43:21,0x00000001,244.0303789999234
2025-03-19 21:43:22,0x00000001,192.20546899987312
2025-03-19 21:43:22,0x00000001,147.03935800025647
2025-03-19 21:43:23,0x00000001,112.9365259998849
2025-03-19 21:43:25,0x00000001,90.58285199989768
2025-03-19 21:43:26,0x00000001,80.3603779995683
2025-03-19 21:43:27,0x00000001,83.8000609996925
2025-03-19 21:43:28,0x00000001,99.81613899981312
2025-03-19 21:43:29,0x00000001,129.2172630001005
2025-03-19 21:43:30,0x00000001,167.60742499991466
2025-03-19 21:43:31,0x00000001,216.35894000019107
2025-03-19 21:43:32,0x00000001,271.52034599976105
2025-03-19 21:43:33,0x00000001,331.95154999975784
2025-03-19 21:43:34,0x00000001,394.42268699986016
2025-03-19 21:43:35,0x00000001,456.2554970002566
2025-03-19 21:43:36,0x00000001,515.1631710000402
2025-03-19 21:43:37,0x00000001,568.1045250003081
2025-03-19 21:43:38,0x00000001,612.0750139998563
2025-03-19 21:43:39,0x00000001,646.3405939998665
2025-03-19 21:43:40,0x00000001,669.0545839996958
2025-03-19 21:43:41,0x00000001,679.3205580001995
2025-03-19 21:43:42,0x00000001,675.4363129998637
2025-03-19 21:43:43,0x00000001,659.2020759999286
2025-03-19 21:43:44,0x00000001,630.9605890000967
2025-03-19 21:43:45,0x00000001,543.6718629998722
2025-03-19 21:43:46,0x00000001,487.802799000292
2025-03-19 21:43:47,0x00000001,427.2264860001087
2025-03-19 21:43:48,0x00000001,364.42442799989294
2025-03-19 21:43:49,0x00000001,302.79944599988085
2025-03-19 21:43:50,0x00000001,243.9018519999081
2025-03-19 21:43:51,0x00000001,191.51956599989717
2025-03-19 21:43:52,0x00000001,146.7520810001588
2025-03-19 21:43:53,0x00000001,113.41902200001641
2025-03-19 21:43:54,0x00000001,91.60079100001894
2025-03-19 21:43:55,0x00000001,81.98731199991016
2025-03-19 21:43:56,0x00000001,84.26335100011784
2025-03-19 21:43:57,0x00000001,99.42299300018931
2025-03-19 21:43:58,0x00000001,127.84400800001094
2025-03-19 21:43:59,0x00000001,167.19765000016196
2025-03-19 21:44:00,0x00000001,216.0591810002188
2025-03-19 21:44:01,0x00000001,271.31958699965253
2025-03-19 21:44:02,0x00000001,331.7887499997596
2025-03-19 21:44:03,0x00000001,394.6430460000556
2025-03-19 21:44:04,0x00000001,456.2702020002689
2025-03-19 21:44:05,0x00000001,515.1723050003056
2025-03-19 21:44:06,0x00000001,568.1887060000008
2025-03-19 21:44:07,0x00000001,612.7851070000361
2025-03-19 21:44:08,0x00000001,645.9245930000179
2025-03-19 21:44:09,0x00000001,669.7454919999473
2025-03-19 21:44:10,0x00000001,678.5152809998181
2025-03-19 21:44:11,0x00000001,675.4672920001212
2025-03-19 21:44:12,0x00000001,659.4643810003618
2025-03-19 21:44:13,0x00000001,631.7323850003049
2025-03-19 21:44:14,0x00000001,591.7715569999018
2025-03-19 21:44:15,0x00000001,543.7818089999382
2025-03-19 21:44:16,0x00000001,487.22525399989536
2025-03-19 21:44:17,0x00000001,428.06068699974276
2025-03-19 21:44:18,0x00000001,364.17701900018074
2025-03-19 21:44:19,0x00000001,302.79317700023967
2025-03-19 21:44:20,0x00000001,245.43986000026052
2025-03-19 21:44:21,0x00000001,191.75175399959699
2025-03-19 21:44:22,0x00000001,147.10779999995793
2025-03-19 21:44:23,0x00000001,113.08166300023004
2025-03-19 21:44:24,0x00000001,90.17420700001821
2025-03-19 21:44:25,0x00000001,80.5222350004442
2025-03-19 21:44:26,0x00000001,83.94022600032258
2025-03-19 21:44:27,0x00000001,100.06760499982192
2025-03-19 21:44:28,0x00000001,127.76235899991661
2025-03-19 21:44:29,0x00000001,167.2005860000354
2025-03-19 21:44:30,0x00000001,215.72332499999902
2025-03-19 21:44:31,0x00000001,271.6311260001021
2025-03-19 21:44:32,0x00000001,334.07711800009565
2025-03-19 21:44:33,0x00000001,394.46233499984373
2025-03-19 21:44:34,0x00000001,456.2956390000181
2025-03-19 21:44:35,0x00000001,515.520338999977
2025-03-19 21:44:36,0x00000001,567.5709749998532
2025-03-19 21:44:37,0x00000001,611.9223389996478
2025-03-19 21:44:38,0x00000001,646.0028309998052
2025-03-19 21:44:39,0x00000001,669.3071700001383
2025-03-19 21:44:40,0x00000001,678.3463450001364
2025-03-19 21:44:41,0x00000001,675.7889289997365
2025-03-19 21:44:42,0x00000001,674.9974939998538
2025-03-19 21:44:43,0x00000001,659.3256810001549
2025-03-19 21:44:44,0x00000001,630.8672860000115
2025-03-19 21:44:45,0x00000001,591.5712730002269
2025-03-19 21:44:46,0x00000001,542.8671439999562
2025-03-19 21:44:47,0x00000001,487.6389480000398
2025-03-19 21:44:48,0x00000001,427.06881499998417
2025-03-19 21:44:49,0x00000001,364.197614999739
2025-03-19 21:44:50,0x00000001,302.67503499999293
2025-03-19 21:44:51,0x00000001,243.92063499999495
2025-03-19 21:44:52,0x00000001,191.8030740002905
2025-03-19 21:44:53,0x00000001,147.1401839999089
2025-03-19 21:44:54,0x00000001,113.14552400017419
2025-03-19 21:44:54,0x00000001,90.32544399997278
2025-03-19 21:44:55,0x00000001,81.23695699987366
2025-03-19 21:44:57,0x00000001,83.90752600007545
2025-03-19 21:44:58,0x00000001,99.78862300022229
2025-03-19 21:44:59,0x00000001,127.7825679999296
2025-03-19 21:45:00,0x00000001,167.06761099976575
2025-03-19 21:45:01,0x00000001,216.22492999995302
2025-03-19 21:45:02,0x00000001,272.4540029998934
2025-03-19 21:45:03,0x00000001,331.9240250002622
2025-03-19 21:45:04,0x00000001,394.4560810000439
2025-03-19 21:45:05,0x00000001,456.62359199968705
2025-03-19 21:45:06,0x00000001,515.178657999968
2025-03-19 21:45:07,0x00000001,567.7304740002
2025-03-19 21:45:08,0x00000001,611.6333889999623
2025-03-19 21:45:09,0x00000001,646.9904550003776
2025-03-19 21:45:10,0x00000001,668.5997750000752
2025-03-19 21:45:11,0x00000001,680.3782669999237
2025-03-19 21:45:12,0x00000001,675.5550610000682
2025-03-19 21:45:13,0x00000001,659.2819590000545
2025-03-19 21:45:14,0x00000001,591.6030419998606
2025-03-19 21:45:15,0x00000001,543.3607790000679
2025-03-19 21:45:16,0x00000001,487.3396950001734
2025-03-19 21:45:17,0x00000001,427.2040460000426
2025-03-19 21:45:18,0x00000001,364.12385099993116
2025-03-19 21:45:19,0x00000001,303.17486600006305
2025-03-19 21:45:20,0x00000001,244.44650400027967
2025-03-19 21:45:21,0x00000001,191.3434650000454
2025-03-19 21:45:22,0x00000001,147.2414269996989
